"ID_Atleta","Nome_Atleta","Apelido","Posição","Status","Clube","Pontos","Preço","Variação","Média","Jogos"
"72290","Jailson Marcelino dos Santos","Jailson","Goleiro","Dúvida","Palmeiras",0,1.49,0,-1.16,5
"38431","Diego Cavalieri","Diego Cavalieri","Goleiro","Nulo","Botafogo",0,3.9,0,0.35,18
"94044","John Victor Maciel Furtado","John Victor","Goleiro","Nulo","Santos",0,0.79,0,0.58,8
"91712","Matheus Alves da Silva Cardoso","Matheus Alves","Goleiro","Nulo","Goiás",0,1,0,0,0
"99430","Diego Terra Loureiro","Diego Loureiro","Goleiro","Provável","Botafogo",11.4,2.72,1.46,1.8,5
"100830","Brenno Oliveira Fraga Costa","Brenno","Goleiro","Dúvida","Grêmio",0,1,0,0,0
"89492","Saulo Ferreira Silva Nascimento","Saulo","Goleiro","Nulo","Botafogo",0,1.04,0,-2.8,1
"38133","Júlio César de Souza Santos","Júlio César","Goleiro","Nulo","Bragantino",0,4.47,0,0.75,6
"91260","Lucas Estella Perri","Lucas Perri","Goleiro","Nulo","São Paulo",0,1.1,0,-2,0
"49673","Júlio César Jacobi","Júlio César","Goleiro","Dúvida","Grêmio",0,4,0,0,0
"93834","Keiller da Silva Nunes","Keiller","Goleiro","Nulo","Internacional",0,2,0,0,0
"101173","Arthur Henrique Bittencourt","Arthur","Goleiro","Provável","Coritiba",3.9,1.7,-0.42,5.65,2
"110775","Marco Antônio Amorim de Oliveira Montes","Marcão","Goleiro","Nulo","Coritiba",0,1,0,0,0
"38140","Fernando Buttenbender Prass","Fernando Prass","Goleiro","Dúvida","Ceará",0,5.77,0,2.65,22
"78851","Richard de Oliveira da Costa","Richard","Goleiro","Dúvida","Ceará",3.7,4.19,1.63,2.31,14
"98333","Gabriel Batista de Souza","Gabriel Batista","Goleiro","Nulo","Flamengo",0,1.56,0,-0.9,3
"109618","Gabriel Bernard Conceição da Silva","Gabriel Bernard","Goleiro","Nulo","Atlético-GO",0,1,0,0,0
"103183","Andrew da Silva Ventura","Andrew","Goleiro","Nulo","Botafogo",0,1,0,0,0
"109566","Túlio Galindo Bandeira de Melo","Túlio","Goleiro","Nulo","Sport",0,1,0,0,0
"37788","Marcelo Boeck","Marcelo Boeck","Goleiro","Nulo","Fortaleza",0,4,0,0,0
"69041","Muriel Gustavo Becker","Muriel","Goleiro","Nulo","Fluminense",0,4.62,0,2.36,19
"82730","Marcelo Rangel da Rosa","Marcelo Rangel","Goleiro","Contundido","Goiás",10.7,2.48,1.22,0.88,6
"85083","Vinicius Silvestre da Costa","Vinicius Silvestre","Goleiro","Dúvida","Palmeiras",0,3,0,0,0
"108424","Leonardo Siqueira de Paiva Bezerra","Leonardo","Goleiro","Nulo","Atlético-GO",0,2,0,0,0
"110708","Pedro Felipe De Faria Rangel","Pedro Rangel","Goleiro","Nulo","Fluminense",0,1,0,0,0
"68928","Rafael Pires Monteiro","Rafael","Goleiro","Nulo","Atlético-MG",0,7.01,0,2,9
"52950","Victor Leandro Bagy","Victor","Goleiro","Nulo","Atlético-MG",0,5.4,0,-9.2,1
"74061","Roberto Junior Fernández Torres","Gatito Fernández","Goleiro","Contundido","Botafogo",0,14.9,0,5.6,8
"110640","Jean Carlos Batista","Jean","Goleiro","Nulo","Atlético-MG",0,1,0,0,0
"71571","Fernando Miguel Kaufmann","Fernando Miguel","Goleiro","Provável","Vasco",3.8,8.45,0.68,2.22,32
"108539","Guilherme Vicentini Castellani","Guilherme","Goleiro","Nulo","Corinthians",0,1,0,0,0
"110698","Mycael Pontes Moreira","Mycael","Goleiro","Nulo","Athletico-PR",0,1,0,0,0
"103662","Dênis de Oliveira Aguiar Júnior","Júnior","Goleiro","Nulo","São Paulo",0,1,0,0,0
"38509","Diego Alves Carreira","Diego Alves","Goleiro","Nulo","Flamengo",0,8.96,0,2.14,10
"99460","Caio Alan Tem Catem Gonçalves","Caio","Goleiro","Nulo","Athletico-PR",0,1,0,0,0
"50284","Wilson Rodrigues de Moura Júnior","Wilson","Goleiro","Nulo","Coritiba",0,7.75,0,2.79,33
"68873","Paulo Victor Mileo Vidotti","Paulo Victor","Goleiro","Nulo","Grêmio",12.1,7.65,1.56,4.79,10
"85425","João Paulo Silva Martins","João Paulo","Goleiro","Provável","Santos",1.9,7.02,-0.96,3.1,24
"110624","Mateus Oliveira Mendes","Mateus","Goleiro","Nulo","Palmeiras",0,1,0,0,0
"78086","César Bernardo Dutra","César","Goleiro","Nulo","Flamengo",0,2.35,0,0.16,5
"110602","Paulo Mazoti Azevedo","Paulo Mazoti","Goleiro","Nulo","Santos",0,1,0,0,0
"51413","Walter Leandro Capeloza Artune","Walter","Goleiro","Nulo","Corinthians",0,6.52,0,7.17,3
"86508","Jandrei Chitolina Carniel","Jandrei","Goleiro","Nulo","Athletico-PR",0,9.01,0,5.35,4
"69051","Danilo Fernandes Batista","Danilo Fernandes","Goleiro","Contundido","Internacional",0,4.43,0,1.4,1
"72595","Maurício Kozlinski","Maurício Kozlinski","Goleiro","Nulo","Atlético-GO",-2.3,1.39,-0.17,-5.05,2
"42234","Cássio Roberto Ramos","Cássio","Goleiro","Provável","Corinthians",4.8,7.57,1.05,0.97,25
"104080","André Luiz Ribeiro da Silva","André","Goleiro","Nulo","Ceará",0,1,0,0,0
"104383","Matheus Mendes Werneck de Oliveira","Matheus Mendes","Goleiro","Nulo","Atlético-MG",0,1,0,0,0
"107179","Matheus Planelles Donelli","Matheus Donelli","Goleiro","Nulo","Corinthians",0,1,0,0,0
"107222","Leandro Matheus dos Anjos Conceição de Oliveira","Leandro","Goleiro","Nulo","Palmeiras",0,1,0,0,0
"110770","Victor Hugo Zorzenoni","Victor Zorzenoni","Goleiro","Nulo","Bragantino",0,1,0,0,0
"107852","Rokenedy dos Santos","Rokenedy ","Goleiro","Nulo","Athletico-PR",0,1,0,0,0
"69040","Vladimir Orlando Cardoso de Araújo Filho","Vladimir","Goleiro","Nulo","Santos",0,5.53,0,2.65,4
"84338","Max Walef Araújo da Silva","Max Walef","Goleiro","Contundido","Fortaleza",0,3.76,0,11.4,1
"90933","Jean Paulo Fernandes Filho","Jean","Goleiro","Provável","Atlético-GO",0,9.59,0,5.32,33
"97645","Thiago Couto Wenceslau","Thiago Couto","Goleiro","Nulo","São Paulo",0,1,0,0,0
"105208","Bento Matheus Krepski","Bento","Goleiro","Nulo","Athletico-PR",0,0.94,0,1,1
"102907","Matheus Henrique Teixeira","Matheus Teixeira","Goleiro","Nulo","Bahia",0,1,0,0,0
"105629","João Vitor Lopes da Silva","João Lopes","Goleiro","Nulo","Fluminense",0,2,0,0,0
"107184","Orlando Arcanjo Valnier","Orlando","Goleiro","Nulo","Athletico-PR",0,1,0,0,0
"72294","Everson Felipe Marques Pires","Everson","Goleiro","Provável","Atlético-MG",-4,7.85,-2.31,2.59,24
"90416","Carlos Eduardo Soares Mota","Carlos Eduardo","Goleiro","Nulo","Sport",0,2,0,0,0
"106160","Lucas Alexandre Galdino de Azevedo","Lucão","Goleiro","Nulo","Vasco",0,0.76,0,-2.2,2
"110626","Sivaldo de Jesus Santos Junior","Júnior Santos","Goleiro","Nulo","Atlético-MG",0,1,0,0,0
"78584","Douglas Alan Schuck Friedrich","Douglas Friedrich","Goleiro","Provável","Bahia",8.3,10.19,0.47,3.67,23
"105553","Alexander Silva de Lucena","Alexander","Goleiro","Nulo","Vasco",0,3,0,0,0
"104079","João Fernando Monteiro Siqueira","João Fernando","Goleiro","Nulo","Flamengo",0,1,0,0,0
"101574","Hugo de Souza Nogueira","Hugo Souza","Goleiro","Provável","Flamengo",-2.4,2.22,-0.01,2.69,19
"62121","Vanderlei Farias da Silva","Vanderlei","Goleiro","Nulo","Grêmio",0,5.95,0,0.95,24
"102885","Márcio Victor da Silva","Márcio","Goleiro","Nulo","Goiás",0,1,0,0,0
"90590","Mateus Eduardo Claus","Mateus Claus","Goleiro","Nulo","Bahia",0,3.76,0,7.2,3
"72372","Felipe Alves Raymundo","Felipe Alves","Goleiro","Provável","Fortaleza",-1.3,3.77,-1.05,2.06,32
"93882","Cleiton Schwengber","Cleiton","Goleiro","Provável","Bragantino",4.5,1.99,0.07,0.85,30
"104588","Fabrício Oliveira de Souza","Fabrício","Goleiro","Nulo","Bahia",0,1,0,0,0
"38001","Anderson Pedro Nunes da Silva Campos","Anderson","Goleiro","Nulo","Bahia",0,2.5,0,1.75,8
"107183","Léo Matias Baiersdorf Linck","Léo Linck","Goleiro","Nulo","Athletico-PR",0,1,0,0,0
"96468","Daniel de Sousa Brito","Daniel","Goleiro","Nulo","Internacional",0,2.4,0,4.8,1
"68872","Marcelo Lomba do Nascimento","Marcelo Lomba","Goleiro","Provável","Internacional",-5,7.4,-1.22,1.05,36
"88916","Luan Polli Gomes","Luan Polli ","Goleiro","Provável","Sport",-2.9,3.97,-2.16,1.35,28
"71631","Weverton Pereira da Silva","Weverton","Goleiro","Nulo","Palmeiras",-1.1,7.74,-1.14,2.61,25
"107136","Diego Santos Monteiro","Diego Monteiro","Goleiro","Nulo","Coritiba",0,1,0,0,0
"69012","Aderbar Melo dos Santos Neto","Santos","Goleiro","Provável","Athletico-PR",1.8,6.3,0.68,2.34,30
"98034","Maílson Tenório dos Santos","Maílson","Goleiro","Nulo","Sport",0,0.98,0,-0.4,7
"85004","Marcos Felipe de Freitas Monteiro","Marcos Felipe ","Goleiro","Provável","Fluminense",-3.5,1.13,-0.91,2.21,16
"82453","Tadeu Antônio Ferreira","Tadeu","Goleiro","Provável","Goiás",0,7.88,0,2.95,26
"109347","Antonio Kennedy Sousa de Almeida","Kennedy","Goleiro","Nulo","Fortaleza",0,1,0,0,0
"72018","Tiago Luis Volpi","Tiago Volpi","Goleiro","Provável","São Paulo",8.1,13.07,1.17,2.87,31
"109426","Weverson Moreira da Costa","Weverson","Lateral","Nulo","Bragantino",0,0.89,0,0.18,15
"86391","Sander Henrique Bortolotto","Sander","Lateral","Nulo","Sport",0,7.49,0,2.3,22
"102330","Alyson Vinícius Almeida Neves","Alyson","Lateral","Nulo","Ceará",0,2.56,0,2.24,9
"37662","Jonathan Cícero Moreira","Jonathan","Lateral","Provável","Athletico-PR",1.3,8.36,0.41,2.13,17
"107370","Daniel Lima de Castro","Daniel","Lateral","Nulo","Fluminense",0,1.02,0,1,1
"107224","Ramon Ricardo da Rocha","Ramon","Lateral","Nulo","Palmeiras",0,1,0,0,0
"94968","Luis Antônio da Rocha Júnior","Juninho Capixaba","Lateral","Nulo","Bahia",5.4,8.01,0.94,3.04,22
"90587","Gustavo Cascardo de Assis","Cascardo","Lateral","Nulo","Botafogo",0,1.61,0,0.2,1
"110258","João Victor da Silva Oliveira","João Victor","Lateral","Nulo","Athletico-PR",0,1.07,0,1.03,3
"110909","Guilherme Lopes de Almeida","Guilherme","Lateral","Nulo","Bragantino",0,1,0,0,0
"96725","Renzo Saravia","Saravia","Lateral","Contundido","Internacional",0,18.78,0,7.96,8
"110630","Samuel Conceição Toscas","Samuel Toscas","Lateral","Nulo","Atlético-MG",0,1,0,0,0
"87192","José Carlos Cracco Neto","Zeca","Lateral","Nulo","Bahia",0,4.23,0,2.06,10
"101727","Matheus França Silva","Matheuzinho","Lateral","Nulo","Flamengo",0,2.15,0,1.55,11
"110980","Miguel da Silva","Miguel","Lateral","Nulo","Fortaleza",0,1,0,0,0
"101319","Cláudio Rodrigues Gomes","Guga","Lateral","Provável","Atlético-MG",3.3,13.31,-0.27,4.47,29
"42491","Márcio Gonzaga de Azevedo","Márcio Azevedo","Lateral","Nulo","Athletico-PR",0,2.88,0,0.18,6
"107554","Natanael Moreira Milouski","Natanael","Lateral","Nulo","Coritiba",0,2.69,0,3.3,17
"109668","Hugo Gonçalves Ferreira Neto","Hugo","Lateral","Provável","Botafogo",7.1,2.87,0.77,3.87,4
"105175","Khellven Douglas Silva Oliveira","Khellven ","Lateral","Nulo","Athletico-PR",-0.7,4.12,-0.1,2.19,19
"63013","Marcos Luis Rocha Aquino","Marcos Rocha","Lateral","Provável","Palmeiras",2.1,7.71,-1.86,3.34,19
"86973","Leonardo Gomes da Conceição Silva","Leonardo","Lateral","Nulo","Grêmio",0,6,0,0,0
"104257","João Lucas de Almeida Carvalho","João Lucas","Lateral","Nulo","Flamengo",-0.7,3.47,-0.96,2.9,4
"91736","Federico Barrandeguy Martino","Barrandeguy","Lateral","Nulo","Botafogo",5,3.72,0.7,1.39,13
"110917","Carlos Henrique de Jesus Souza","Carlos Henrique","Lateral","Nulo","Atlético-GO",0,1,0,0,0
"107750","Vanderson de Oliveira Campos","Vanderson","Lateral","Provável","Grêmio",0,2.18,0,2.98,4
"50346","Guilherme Oliveira Santos","Guilherme Santos","Lateral","Contundido","Botafogo",0,6.24,0,1.99,12
"105839","Leonardo Borges da Silva","Leonardo Borges","Lateral","Nulo","Internacional",0,0.78,0,-0.5,1
"42145","Egídio de Araújo Pereira Júnior","Egídio","Lateral","Suspenso","Fluminense",-0.6,9.4,-2.77,5.38,20
"78445","Renê Rodrigues Martins","Renê","Lateral","Nulo","Flamengo",0,4.84,0,3.21,12
"62086","Marcos Rogério Ricci Lopes","Pará","Lateral","Nulo","Santos",-0.9,6.56,-1.1,1.81,26
"107225","Gustavo Garcia dos Santos","Garcia","Lateral","Nulo","Palmeiras",0,1,0,0,0
"85626","Leonardo Pinheiro da Conceição","Léo","Lateral","Suspenso","São Paulo",-2.9,3.07,-0.81,1.11,18
"107236","Vanderlan Barbosa da Silva","Vanderlan","Lateral","Nulo","Palmeiras",0,1,0,0,0
"38877","Mariano Ferreira Filho","Mariano","Lateral","Nulo","Atlético-MG",0,6.79,0,2.12,8
"89343","Carlos Eugenio Júnior Tavares dos Santos","Júnior Tavares","Lateral","Provável","Sport",5.7,6.22,0.02,3.52,18
"107515","Elivelton Guedes Alves da Silva","Elivelton ","Lateral","Nulo","Botafogo",0,1,0,0,0
"73384","Samuel Xavier Brito","Samuel Xavier","Lateral","Nulo","Ceará",0,5.83,0,2.92,27
"107093","Luciano Batista da Silva Junior","Luciano Juba","Lateral","Nulo","Sport",-0.1,2.6,-0.9,2.29,18
"72620","Juan Francisco Torres Belén","Juanfran","Lateral","Nulo","São Paulo",-0.5,5.53,0.45,1.8,18
"95540","Cristiano da Silva Vidal","Vidal","Lateral","Nulo","Goiás",0,1.43,0,-0.7,1
"104634","Douglas do Espírito Santo Torres","Douglas Borel","Lateral","Nulo","Bahia",0,1,0,0,0
"100846","Lucas Esteves de Souza","Esteves","Lateral","Provável","Palmeiras",0,2.14,0,0.9,6
"78850","Reinaldo Manoel da Silva","Reinaldo","Lateral","Suspenso","São Paulo",-4.8,12.42,-0.84,4.34,29
"107252","Gustavo Luis Silva Aguiar","Gustavinho","Lateral","Nulo","Goiás",5.2,1.88,0.89,3.1,2
"106322","Gabriel Martins Rodrigues","Rodrigues","Lateral","Nulo","Goiás",0,2.23,0,2.9,3
"110772","Fernando Pileggi","Fernando","Lateral","Dúvida","Santos",0,1.19,0,1.1,1
"84339","Bruno Ferreira Melo","Bruno Melo","Lateral","Provável","Fortaleza",1,4.3,-0.11,2.19,20
"80196","Glaybson Yago Souza Lisboa","Yago Pikachu","Lateral","Dúvida","Vasco",5.7,8.71,1.05,3.66,25
"73992","Rodinei Marcelo de Almeida","Rodinei","Lateral","Suspenso","Internacional",-1,4.37,-0.6,2.06,23
"106708","Igor Marques Paciência Cardoso","Igor Formiga","Lateral","Nulo","Corinthians",0,1,0,0,0
"104622","Hélio Júnior Rossi Francino","Hélio Júnior","Lateral","Nulo","Bahia",0,2,0,0,0
"50645","Carlos Eduardo Santos Oliveira","Eduardo","Lateral","Provável","Ceará",5.6,3.86,1.15,1.58,13
"107374","Wisney Junio Dias Carvalho","Wisney","Lateral","Nulo","Fluminense",0,2.64,0,2.45,2
"88423","Aderlan de Lima Silva","Aderlan","Lateral","Provável","Bragantino",5.2,9.88,-0.16,3.37,32
"101708","Felipe Jonatan Rocha Andrade","Felipe Jonatan","Lateral","Nulo","Santos",5.6,12.18,0.14,4.07,32
"106076","Daniel de Pauli Oliveira","Daniel Oliveira","Lateral","Suspenso","Goiás",3.2,3.05,-0.36,3.28,17
"68808","Severino do Ramo Clementino da Silva","Nino Paraíba","Lateral","Provável","Bahia",16.7,10.42,2.48,3.25,26
"42500","Fagner Conserva Lemos","Fagner","Lateral","Contundido","Corinthians",4.2,11.18,0.78,3.62,24
"90061","Bruno de Jesus Pacheco","Bruno Pacheco","Lateral","Nulo","Ceará",9.8,9.45,1.4,3.35,28
"60969","Patric Cabral Lalau","Patric","Lateral","Provável","Sport",4.1,8.49,1.07,2.48,33
"78077","Madson Ferreira dos Santos","Madson","Lateral","Contundido","Santos",0,5.77,-0.84,3.31,24
"100848","Luan Cândido de Almeida","Luan Cândido","Lateral","Nulo","Bragantino",8.2,3.3,0.22,3.53,10
"89273","João Pedro Maturano dos Santos","João Pedro ","Lateral","Nulo","Bahia",0,3.57,0,2.15,4
"63194","Carlos Emiliano Pereira","Carlinhos","Lateral","Nulo","Fortaleza",0,5.99,0,2.1,23
"38750","Filipe Luís Kasmirski","Filipe Luís","Lateral","Provável","Flamengo",6.9,8.11,1.69,4.26,28
"84893","Henrique Silva Milagres","Henrique","Lateral","Provável","Vasco",5.8,7.08,0.91,2.21,26
"110688","Vinicius Augusto Tobias da Silva","Vinicius Tobias","Lateral","Nulo","Internacional",0,1,0,0,0
"109341","Sammuel Queiroz de Freitas","Sammuel","Lateral","Nulo","Fortaleza",0,1,0,0,0
"98974","Matías Nicolás Viña Susperreguy","Viña","Lateral","Nulo","Palmeiras",8.9,9.69,1.31,5.09,19
"95220","Jefferson Junio Antônio da Silva","Jefferson","Lateral","Provável","Goiás",6.4,6.55,-0.17,3.1,23
"81951","Igor de Carvalho Julião","Igor Julião","Lateral","Nulo","Fluminense",0,5.44,0,3.15,18
"78497","Arnaldo Manoel de Almeida","Arnaldo","Lateral","Provável","Atlético-GO",-0.7,3,-0.09,1.38,16
"104625","Weverton Guilherme da Silva Souza","Weverton","Lateral","Nulo","Bragantino",0,0.79,0,-0.16,9
"70916","Diogo Barbosa Mendanha","Diogo Barbosa","Lateral","Nulo","Grêmio",5.2,8.86,0.54,3.63,23
"87228","Guilherme Antonio Arana Lopes","Guilherme Arana","Lateral","Provável","Atlético-MG",8,17.48,0.89,5.21,33
"110969","Ângelo Samuel Chaves","Ângelo","Lateral","Nulo","Coritiba",0,0.78,0,-0.8,1
"105584","Lucas Piton Crivellaro","Lucas Piton","Lateral","Contundido","Corinthians",0,4.29,0,2.97,15
"104513","Abner Vinícius da Silva Santos","Abner Vinícius","Lateral","Provável","Athletico-PR",-0.4,9.41,-0.25,3.77,31
"96349","Geovane Henrique Pereira de Souza","Geovane","Lateral","Nulo","Coritiba",0,3,0,0,0
"90444","Moisés Roberto Barbosa","Moisés","Lateral","Provável","Internacional",1.5,10.24,-0.93,3.67,25
"86264","Natanael Batista Pimenta","Natanael","Lateral","Nulo","Atlético-GO",0,4.33,0,3.79,17
"110606","Antonio Mikael Rodrigues Brito","Mikael Doka","Lateral","Nulo","Santos",0,1,0,0,0
"84855","Raul Prata","Raul Prata","Lateral","Nulo","Sport",0,5.56,0,3.27,11
"104276","Lucas Felipe Calegari","Calegari","Lateral","Provável","Fluminense",7.2,7.03,0.69,5.65,20
"62024","Edimar Curitiba Fraga","Edimar","Lateral","Provável","Bragantino",0,3.52,0,1.98,28
"106829","Patryck Lanza dos Reis","Patryck","Lateral","Nulo","São Paulo",0,1,0,0,0
"82628","Guilherme de Jesus da Silva","Tinga","Lateral","Provável","Fortaleza",0.8,6.27,0.15,2.84,23
"102464","Kelvyn Ramos da Fonseca","Kelvyn","Lateral","Provável","Ceará",4.8,2.68,0.91,2.83,15
"37866","Leonardo de Matos Cruz","Léo Matos","Lateral","Provável","Vasco",5.6,6.05,0.97,1.83,16
"106082","Ewerthon Diógenes Da Silva","Ewerthon","Lateral","Nulo","Sport",2,3.12,-0.68,2.1,9
"88544","Marcos Ytalo Benício da Silva","Buiú","Lateral","Nulo","Ceará",0,1,0,0,0
"107741","Lucas Henrique Mazetti","Mazetti","Lateral","Nulo","Internacional",0,1,0,0,0
"81150","Mayke Rocha de Oliveira","Mayke","Lateral","Nulo","Palmeiras",0.5,5.14,-0.84,2.16,16
"107108","José Ítalo Monteiro Fidelis dos Santos","Ítalo","Lateral","Nulo","Flamengo",0,1,0,0,0
"101597","Ramon Ramos Lima","Ramon","Lateral","Nulo","Flamengo",0,1.25,0,-0.1,3
"104649","Heitor Rodrigues da Fonseca","Heitor","Lateral","Provável","Internacional",3.3,5.33,-0.71,4.71,11
"91888","Kevin Peterson dos Santos Silva","Kevin ","Lateral","Provável","Botafogo",5,3.74,0.75,1.47,27
"109963","Renan Victor da Silva","Renan","Lateral","Provável","Palmeiras",0,2.38,0,3.55,4
"86713","Jonathan Francisco Lemos","Jonathan","Lateral","Provável","Coritiba",0.7,4.6,-0.07,2.57,22
"99034","Elias Lira Nogueira Júnior ","Elias Lira","Lateral","Nulo","Sport",0,1,0,0,0
"104415","Talison Ruan da Silva","Talison","Lateral","Nulo","Atlético-MG",0,3.18,0,5.1,1
"84382","Danilo Carvalho Barcelos","Danilo Barcelos","Lateral","Provável","Fluminense",0,3.67,0,0.74,17
"88368","Gabriel Dias de Oliveira","Gabriel Dias","Lateral","Suspenso","Fortaleza",-1.1,6.69,-0.51,2.72,30
"107250","Taylon Vinícius dos Santos Carvalho","Taylon","Lateral","Nulo","Goiás",0,2.43,0,1.52,6
"95127","Nicolas Vichiatto da Silva","Nicolas","Lateral","Provável","Atlético-GO",4.6,7.42,0.34,2.65,28
"69345","Mauricio Aníbal Isla Isla","Isla","Lateral","Provável","Flamengo",0.6,8.78,-0.19,3.39,27
"106824","Welington Damascena Santos","Wellington ","Lateral","Provável","São Paulo",0,1,0,0,0
"97133","Luís Eduardo Marques dos Santos","Dudu","Lateral","Nulo","Atlético-GO",2.2,5,-0.9,2.27,32
"110956","Rai Lopes de Oliveira","Raí","Lateral","Nulo","Fluminense",0,1,0,0,0
"104650","Lucas Barros da Cunha","Lucas Barros","Lateral","Nulo","Botafogo",0,2,0,0,0
"97899","Matheus Bahia Santos","Matheus Bahia","Lateral","Provável","Bahia",0.3,1.74,0.15,3.37,11
"80664","Michel Macedo Rocha Machado","Michel","Lateral","Nulo","Corinthians",5.6,5,0.24,3.28,5
"107367","Cayo Henrique Nascimento Ferreira","Cayo Tenório","Lateral","Nulo","Vasco",0,3.6,0,2.56,13
"70046","Victor Ferraz Macedo","Victor Ferraz","Lateral","Nulo","Grêmio",6.2,7.58,1.01,2.51,14
"95466","Igor Vinícius de Souza","Igor Vinícius","Lateral","Provável","São Paulo",0.9,5.15,0.35,1.77,22
"86410","Victor Luis Chuab Zamblauskas","Victor Luis","Lateral","Nulo","Botafogo",0,9.06,0,3.37,23
"97898","Maílton dos Santos de Sá","Maílton","Lateral","Nulo","Coritiba",0,3.48,0,1.65,12
"60852","Uendel Pereira Gonçalves","Uendel","Lateral","Nulo","Internacional",0,2.38,0,1.13,14
"106411","Vivaldo Borges dos Santos Neto","Neto Borges","Lateral","Nulo","Vasco",0,4.03,0,2.54,18
"105566","Riquelme Carvalho Araújo Viana","Riquelme","Lateral","Nulo","Vasco",0,1,0,0,0
"72079","Bruno Cortês Barbosa","Bruno Cortez","Lateral","Provável","Grêmio",0,8.74,0,2.82,22
"100741","Guilherme Alecsander Guedes","Guilherme Guedes","Lateral","Nulo","Grêmio",0,3,0,0,0
"38229","Fábio Santos Romeu","Fábio Santos","Lateral","Provável","Corinthians",7.1,7.61,1.16,4.79,17
"95494","Felipe Aguilar Mendoza","Aguilar","Zagueiro","Nulo","Athletico-PR",0,5.26,0,2.07,10
"52618","Anderson Vieira Martins","Anderson Martins","Zagueiro","Nulo","Bahia",0,6.34,0,2.82,5
"107453"," João Paulo Silveira dos Santos","João Paulo Silveira","Zagueiro","Nulo","Fortaleza",0,1,0,0,0
"72359","Luiz Otávio Anacleto Leandro","Luiz Otávio","Zagueiro","Nulo","Ceará",0,4.94,0,2.47,27
"91929","Everson Bispo Pereira","Everson","Zagueiro","Nulo","Bahia",0,1,0,0,0
"101647","Ulisses Wilson Jeronymo Rocha ","Ulisses","Zagueiro","Nulo","Vasco",0,2,0,0,0
"102607","Nathan Otávio Ribeiro","Nathan Ribeiro","Zagueiro","Nulo","Coritiba",0,1.58,0,-0.16,7
"97425","Wellington Daniel Bueno","Bueno","Zagueiro","Nulo","Atlético-MG",0,6.89,0,2.39,7
"105840","Pedro Henrique Alves Santana","Pedro Henrique","Zagueiro","Nulo","Internacional",0,0.77,0,-1,1
"80853","Pedro Tonon Geromel","Pedro Geromel","Zagueiro","Contundido","Grêmio",0,9.61,0,3.91,12
"104250","João Victor da Silva Marcelino","João Victor","Zagueiro","Nulo","Atlético-GO",3,3.88,0.61,2.48,25
"98484","Victor Hugo Soares dos Santos","Kanu","Zagueiro","Nulo","Botafogo",0,4.48,0,2.04,30
"105636","Gabriel Henrique Chavoni Fornari","Gabriel Fornari","Zagueiro","Nulo","Athletico-PR",0,1,0,0,0
"107251","João Vitor Vallony da Silva","Da Silva","Zagueiro","Nulo","Goiás",0,1,0,0,0
"101728","Diego Henrique Costa Barbosa","Diego","Zagueiro","Provável","São Paulo",0,2.64,0,2.05,16
"109860","Ronald Eugenio de Carvalho","Ronald","Zagueiro","Nulo","Corinthians",0,1,0,0,0
"52253","Réver Humberto Alves Araújo","Réver","Zagueiro","Provável","Atlético-MG",0,7.32,-0.29,2.89,25
"107981","Danilo Alves da Silva","Danilo","Zagueiro","Nulo","Atlético-GO",0,1,0,0,0
"106965","Carlos Eduardo Barbosa da Silva","Carlos Eduardo","Zagueiro","Nulo","Palmeiras",0,1,0,0,0
"38394","Thiago Heleno Henrique Ferreira","Thiago Heleno","Zagueiro","Suspenso","Athletico-PR",-4.7,5.43,-2.14,3.04,28
"72142","Danilo Fernando Avelar","Danilo Avelar","Zagueiro","Contundido","Corinthians",0,6.45,0,2.83,10
"91689","Matheus Isaías dos Santos","Matheus Jussa","Zagueiro","Nulo","Internacional",0,2.32,0,0.9,2
"107107","Gabriel Rodrigues Noga","Gabriel Noga","Zagueiro","Nulo","Flamengo",0,0.78,0,-0.35,2
"83528","Leonardo Pereira","Léo Pereira","Zagueiro","Nulo","Flamengo",0,5.1,0,2.26,12
"100125","Matheus Soares Thuler","Thuler","Zagueiro","Nulo","Flamengo",0,2.2,0,-0.28,4
"106077","Vanderley Ribeiro Correia Filho","Vanderley","Zagueiro","Nulo","Goiás",0,1,0,0,0
"110188","Vinicius Milani Bueno","Milani","Zagueiro","Nulo","Flamengo",0,1,0,0,0
"106964","Jonathan dos Santos Lessa","John","Zagueiro","Nulo","Corinthians",0,1,0,0,0
"95820","Leonardo Rodrigues dos Santos","Léo Santos","Zagueiro","Nulo","Corinthians",0,2,0,0,0
"90846","Willian Klaus","Klaus","Zagueiro","Provável","Ceará",4.7,4.19,0.81,1.8,11
"71684","Gustavo Raúl Gómez Portillo","Gustavo Gómez","Zagueiro","Nulo","Palmeiras",2.8,10.99,-0.42,3.32,19
"62974","Werley Ananias da Silva","Werley","Zagueiro","Nulo","Vasco",0,3.37,0,2.22,7
"108385","César Rafael Haydar Villarreal","Haydar","Zagueiro","Nulo","Bragantino",0,2,0,0,0
"97528","Wesley Frazan Bernardo","Frazan","Zagueiro","Nulo","Fluminense",0,3.12,0,4.4,1
"80692","Luan Garcia Teixeira","Luan","Zagueiro","Suspenso","Palmeiras",-0.9,5.11,0.27,2.48,23
"49651","Ernando Rodrigues Lopes","Ernando","Zagueiro","Provável","Bahia",4.8,6.26,0.57,2.1,26
"107110","Natan Bernardo de Souza","Natan","Zagueiro","Nulo","Flamengo",-2.7,3.41,-0.82,2.68,12
"38545","Felipe Melo de Carvalho","Felipe Melo","Zagueiro","Nulo","Palmeiras",0.6,6.36,-0.68,2.99,11
"50317","David Braz de Oliveira Filho","David Braz","Zagueiro","Nulo","Grêmio",5,8.88,0.73,3.47,21
"105339","Heron Crespo da Silva","Heron","Zagueiro","Nulo","Goiás",6.1,2.12,0.47,1.17,22
"110189","Otávio Ataide da Silva","Otávio","Zagueiro","Nulo","Flamengo",0,1,0,0,0
"109318","Vitor João Batista Santos","Vitão","Zagueiro","Nulo","Ceará",0,1,0,0,0
"108176","Gabriel Santos Cordeiro Lacerda","Gabriel Lacerda","Zagueiro","Provável","Ceará",0,3.37,0,3.01,8
"51415","Roger de Carvalho","Roger Carvalho","Zagueiro","Nulo","Fortaleza",0,2.77,0,2.1,5
"70666","Marllon Gonçalves Jerônimo Borges","Marllon","Zagueiro","Nulo","Corinthians",0,5.53,0,3.02,8
"42501","Luiz Rhodolfo Dini Gaioto","Rhodolfo","Zagueiro","Nulo","Coritiba",-0.1,3.85,0.84,1.18,15
"38632","Matheus Ferraz Pereira","Matheus Ferraz","Zagueiro","Provável","Fluminense",0,6.12,0,3.63,11
"86972","Emerson Raymundo Santos","Emerson Santos","Zagueiro","Nulo","Palmeiras",0,3.59,0,2.87,9
"79042","Tiago Pagnussat","Tiago ","Zagueiro","Nulo","Ceará",8,7.61,1.15,3.2,27
"103088","Lucas Ribeiro dos Santos","Lucas Ribeiro","Zagueiro","Provável","Internacional",3,4.09,-0.37,2.73,12
"111204","Marcio Gleyson Leite da Silva","Marcio Silva","Zagueiro","Provável","Coritiba",0,1,0,0,0
"107792","Heitor Marinho dos Santos","Heitor","Zagueiro","Nulo","Grêmio",0,1,0,0,0
"108745","Odair Marciano de Oliveira Filho","Odair","Zagueiro","Nulo","Atlético-GO",0,2,0,0,0
"73800","Rodrigo Caio Coquette Russo","Rodrigo Caio","Zagueiro","Provável","Flamengo",2.5,8.36,0.36,3.04,19
"86143","Wanderson Santos Pereira","Wanderson","Zagueiro","Nulo","Fortaleza",0,3.84,0,1.56,7
"110672","Vinícius de Azevedo Barcellos","Vinícius Barcellos","Zagueiro","Nulo","Bahia",0,1,0,0,0
"106835","Luan Patrick Wiedthauper","Luan Patrick","Zagueiro","Nulo","Athletico-PR",0,1.62,0,0.3,1
"101600","Alex de Oliveira Nascimento","Alex","Zagueiro","Provável","Santos",0,2.53,0,2.36,10
"100840","Emanuel Leone Moura","Emanuel","Zagueiro","Nulo","Grêmio",0,1,0,0,0
"95638","Marcelo da Conceição Benevenuto Malaquias","Marcelo Benevenuto","Zagueiro","Provável","Botafogo",5.8,6.91,0.94,1.85,28
"103700","Bruno Méndez Cittadini","Bruno Méndez","Zagueiro","Provável","Corinthians",0,2.36,0,1.17,12
"84263","Jemerson de Jesus Nascimento","Jemerson","Zagueiro","Provável","Corinthians",6.4,6.99,0.1,5.9,3
"87225","Pedro Henrique Ribeiro Gonçalves","Pedro Henrique","Zagueiro","Provável","Athletico-PR",4.5,6.25,0.52,3.4,27
"71604","Fábio Pizarro Sanches","Fábio Sanches","Zagueiro","Provável","Goiás",10.3,8,1.25,3.64,25
"90768","Fabrício Bruno Soares de Faria","Fabrício Bruno","Zagueiro","Dúvida","Bragantino",5.8,2.22,0.2,1.84,12
"106629","Wellington Gonzaga de Assis Filho - Tim","Wellington","Zagueiro","Nulo","Santos",0,1,0,0,0
"38505","Leandro Castan da Silva","Leandro Castan","Zagueiro","Provável","Vasco",9.5,13.1,1.57,2.71,26
"107756","Carlos Eduardo da Silva Rodrigues Lima","Carlos Eduardo","Zagueiro","Nulo","Internacional",0,1,0,0,0
"89493","Igor Rabello da Costa","Igor Rabello","Zagueiro","Nulo","Atlético-MG",0,10.21,0,2.85,19
"68817","Jonathan Doin","Paulo Miranda","Zagueiro","Nulo","Grêmio",5.1,3.36,0.93,1.8,14
"73620","Bruno Fabiano Alves","Bruno Alves","Zagueiro","Provável","São Paulo",-1.4,7.15,-0.18,2.16,23
"82773","Gilvan Souza Correa","Gilvan","Zagueiro","Provável","Atlético-GO",1.8,4.89,0.27,1.86,20
"91772","David de Duarte Macedo","David Duarte","Zagueiro","Provável","Goiás",4.1,5.37,0.74,3.44,25
"107509","David Sousa Albino","David Sousa","Zagueiro","Provável","Botafogo",4.8,1.59,0.81,0.59,9
"104050","Marcelo Alves Santos","Marcelo Alves","Zagueiro","Nulo","Vasco",0,2.04,0,2.62,11
"83048","Rafael Thyere de Albuquerque Marques","Rafael Thyere","Zagueiro","Provável","Sport",-4.4,2.47,-1.59,1.69,8
"91203","Éder Ferreira Graminho","Éder ","Zagueiro","Nulo","Atlético-GO",0,3.89,0,1.15,30
"104075","José Sabino Chagas Monteiro","Sabino","Zagueiro","Nulo","Coritiba",-0.3,7.79,-0.94,3.81,29
"107541","Pedro Henrique Nunes Silva","Pedrão","Zagueiro","Nulo","Sport",0,0.79,-0.21,0,1
"87342","Walter Kannemann","Kannemann","Zagueiro","Nulo","Grêmio",10.4,10.79,1.74,3.56,14
"73465","Luccas Claro dos Santos","Luccas Claro","Zagueiro","Provável","Fluminense",0.9,6.59,-0.09,3.28,28
"105887","Igor Morais Carvalho","Igor","Zagueiro","Nulo","Corinthians",0,1,0,0,0
"99253","Francisco Alves da Silva Melo","Chico","Zagueiro","Nulo","Sport",-1,2.23,-0.55,2.43,12
"92182","José Carlos Ferreira Júnior","Juninho","Zagueiro","Nulo","Bahia",5,7.94,0.89,1.91,26
"106299","Leonardo Javier Realpe Montaño","Realpe","Zagueiro","Nulo","Bragantino",0,2.74,0,0.97,6
"50446","Luis Francisco Grando","Chico","Zagueiro","Nulo","Goiás",0,2.84,0,-0.13,3
"105278","Iago Pereira Mendonça","Iago Mendonça","Zagueiro","Nulo","Goiás",4.5,1.93,-0.05,2.42,9
"63172","Paulo Marcos de Jesus Ribeiro","Paulão","Zagueiro","Provável","Fortaleza",2.9,3.6,0.06,1.85,29
"88312","Júnior Osmar Ignacio Alonso Mujica","Júnior Alonso","Zagueiro","Provável","Atlético-MG",-2.2,9.61,-0.73,3.32,28
"96382","Juan Sebastián Quintero Fletcher","Quintero","Zagueiro","Provável","Fortaleza",0.5,1.74,0.13,1.32,14
"84847","Luan Peres Petroni","Luan Peres ","Zagueiro","Nulo","Santos",3.8,6.76,-0.71,2.85,28
"70934","Jackson de Souza","Jackson","Zagueiro","Nulo","Fortaleza",0,3.01,0,1.57,18
"94514","Lucas da Cruz Oliveira","Oliveira","Zagueiro","Provável","Atlético-GO",1,2.92,0.13,1.84,16
"79113","Víctor Leandro Cuesta","Víctor Cuesta","Zagueiro","Provável","Internacional",0,10.46,0,2.85,34
"103261","Rodrigo dos Santos de Freitas","Rodrigo Freitas","Zagueiro","Nulo","São Paulo",0,1,0,0,0
"107371","Higor Gabriel Fernandes Alves","Higor","Zagueiro","Nulo","Fluminense",0,1,0,0,0
"107742","Tiago Barbosa Figueiredo","Tiago Barbosa","Zagueiro","Nulo","Internacional",0,2,0,0,0
"79035","Luiz Felipe do Nascimento dos Santos","Luiz Felipe","Zagueiro","Provável","Santos",-3.2,2.68,-0.66,0.77,10
"99881","Ricardo Queiroz de Alencastro Graça","Ricardo","Zagueiro","Provável","Vasco",7.8,7.89,1.13,3.11,18
"98619","Benjamín Kuscevic Jaramillo","Kuscevic","Zagueiro","Provável","Palmeiras",0,6.75,0,5.08,5
"107963","Gustavo Henrique Santos","Gustavo Henrique","Zagueiro","Nulo","Bahia",0,2,0,0,0
"91251","Antônio Josenildo Rodrigues de Oliveira","Rodrigues","Zagueiro","Provável","Grêmio",0,2.29,0,1.7,20
"82764","Rafael Forster","Rafael Forster","Zagueiro","Contundido","Botafogo",0,2.76,0,0.92,18
"97711","Matheus Sousa Pereira","Pereira","Zagueiro","Nulo","Atlético-GO",0,4.65,0,3.44,9
"87393","Gabriel Costa França","Gabriel","Zagueiro","Nulo","Atlético-MG",0,6.48,0,2.94,8
"97867","Leonardo Rech Ortiz","Léo Ortiz","Zagueiro","Dúvida","Bragantino",0,8.97,0,3.38,33
"82564","Laércio Soldá","Laércio","Zagueiro","Contundido","Santos",0,4.78,0,2.56,13
"78248","Gustavo Henrique Vernes","Gustavo Henrique","Zagueiro","Provável","Flamengo",0.7,5.37,0.11,2.33,22
"61141","Ligger Moreira Malaquias","Ligger","Zagueiro","Provável","Bragantino",7.9,5.8,-0.27,3.06,27
"100842","Ruan Tressoldi Netto","Ruan","Zagueiro","Provável","Grêmio",0,0.83,0,0.43,3
"109830","Derick Fernando da Silva","Derick ","Zagueiro","Nulo","Santos",0,0.77,0,0,1
"68923","Carlos Gilberto do Nascimento Silva","Gil","Zagueiro","Provável","Corinthians",4.6,6.71,0.77,3.21,25
"101720","Matheus dos Santos Miranda","Miranda","Zagueiro","Nulo","Vasco",0,3.34,0,1.56,17
"104994","Wagner Leonardo Calvelo de Souza","Wagner Leonardo","Zagueiro","Provável","Santos",0,2.39,0,2.31,10
"80189","Lucas Fonseca da Silva","Lucas Fonseca","Zagueiro","Provável","Bahia",6.5,5.07,0.82,2.1,13
"104074","Walce da Silva Costa Filho","Walce","Zagueiro","Contundido","São Paulo",0,4,0,0,0
"91573","Robert Abel Arboleda Escobar","Arboleda","Zagueiro","Provável","São Paulo",4.2,8.78,0.7,2.55,16
"102253","Lucas Halter","Lucas Halter","Zagueiro","Nulo","Athletico-PR",0,3.19,0,1.18,8
"105807","Luan de Freitas Molarinho Chagas","Luan","Zagueiro","Nulo","Fluminense",0,1,0,0,0
"63354","Rodrigo Modesto da Silva Moledo","Rodrigo Moledo","Zagueiro","Contundido","Internacional",0,7.37,0,4.04,18
"105282","Francisco Rodrigo de Sousa Barbosa","Diguinho","Zagueiro","Nulo","Fortaleza",0,2,0,0,0
"91866","José Ivaldo Almeida Silva","Zé Ivaldo","Zagueiro","Provável","Athletico-PR",0,5.37,0,2.15,12
"88033","Alan Pereira Empereur","Alan Empereur","Zagueiro","Provável","Palmeiras",0,5.34,0,2.8,6
"91708","Marcílio Florêncio Mota Filho","Nino","Zagueiro","Suspenso","Fluminense",-2.5,5.59,-1.15,3.86,25
"109389","Raul Gustavo Pereira Bicalho","Raul Gustavo","Zagueiro","Nulo","Corinthians",0,1,0,0,0
"89226","Iago Justen Maidana Martins","Iago Maidana","Zagueiro","Provável","Sport",0,6.71,0,2.55,31
"105809","Michel Custódio Gonçalves de Sousa","Michel","Zagueiro","Nulo","Atlético-GO",0,1,0,0,0
"91664","Adryelson Shawann Lima Silva","Adryelson","Zagueiro","Provável","Sport",-1.3,3.34,-1.05,1.42,33
"105842","Lucas Eduardo Ribeiro de Souza","Edu","Zagueiro","Nulo","Athletico-PR",0,2,0,0,0
"104129","Lucimário Bezerra da Silva","Lucimário","Zagueiro","Nulo","Bahia",0,1,0,0,0
"81845","Alisson Euler de Freitas Castro","Alisson","Meia","Nulo","Grêmio",0,10.38,0,4.43,22
"86841","Gabriel Boschilia","Boschilia","Meia","Contundido","Internacional",0,8.45,0,3.81,13
"111361","Cristiano Robert do Amaral","Cristiano","Meia","Nulo","Coritiba",-0.5,0.79,-0.21,-0.5,1
"106843","Dylan Felipe Borrero Caicedo","Borrero","Meia","Nulo","Atlético-MG",0,2.43,0,-1.16,5
"110833","Luiz Felipe Silvério Silva","Luiz Felipe","Meia","Nulo","Bahia",0,0.98,0,0.9,1
"104217","João Igor Oliveira de Santana","João Igor","Meia","Nulo","Sport",0,1.93,0,-0.37,3
"102506","Leonardo Roque Albano Gil","Léo Gil","Meia","Dúvida","Vasco",0,5.29,0,2.07,16
"98760","Mariano Vázquez","Mariano Vázquez","Meia","Nulo","Fortaleza",-2.8,0.79,-0.82,0.19,17
"71479","Luis Oscar González","Lucho González","Meia","Contundido","Athletico-PR",0,2.45,0,-0.19,11
"104025","Denilson Rodrigues Roldão","Denilson","Meia","Nulo","Fluminense",0,1,0,0,0
"110923","Roosewelt Souza Neto","Neto","Meia","Nulo","Goiás",0,1,0,0,0
"109323","Érick Alexander Pluas Vera","Pluas","Meia","Nulo","Palmeiras",0,1,0,0,0
"97993","Jhonata Varela da Silva","Varela","Meia","Nulo","Grêmio",0,1,0,0,0
"101580","Lucas Lourenço Andrade","Lucas Lourenço","Meia","Nulo","Santos",0,2.04,0,0.66,15
"103767","Gabriel Vinícius Menino","Gabriel Menino","Meia","Nulo","Palmeiras",0,6.26,0,3.08,23
"107800","Fernando Henrique do Nascimento Pereira","Fernando Henrique","Meia","Nulo","Grêmio",0,1,0,0,0
"86759","Luan Guilherme de Jesus Vieira","Luan","Meia","Nulo","Corinthians",0,6.84,0,2.11,16
"107972","Romildo Del Piage de Souza","Romildo","Meia","Nulo","Botafogo",0,1.34,0,1.6,2
"103099","Éderson José dos Santos Lourenço da Silva","Éderson","Meia","Nulo","Corinthians",0,5.18,0,2.26,13
"104590","Caio de Mello Vianna Pedrosa Galvão","Caio Mello","Meia","Nulo","Bahia",0,1,0,0,0
"71719","Elton Júnior Melo Ataíde","Elton","Meia","Nulo","Bahia",0,3.55,0,1.7,4
"107677","Alexandre de Almeida da Silva Júnior","Juninho","Meia","Dúvida","Vasco",0.6,2.89,-0.03,1.61,16
"101573","João Pedro Vilardi Pinto","Pepê","Meia","Nulo","Flamengo",0,2.32,0,1.98,10
"101718","Lucas Santos da Silva","Lucas Santos","Meia","Nulo","Vasco",0,0.99,0,-1,3
"82766","Wellington Soares da Silva","Wellington Rato","Meia","Dúvida","Atlético-GO",9.9,4.79,1.2,3.14,17
"105901","Edson Fernando da Silva Gomes","Edson","Meia","Nulo","Bahia",0,1.21,0,0.72,10
"62977","Paulo Henrique Chagas de Lima","Ganso","Meia","Nulo","Fluminense",0,3.86,0,1.65,17
"111003","Lucas Gabriel de Oliveira","Lucas Black","Meia","Nulo","Goiás",0,1,0,0,0
"103295","Eric dos Santos Rodrigues","Ramires","Meia","Nulo","Bragantino",-0.1,3.99,-0.17,0.75,14
"85856","Ricardo Ryller Ribeiro Lino Silva","Ricardo Ryller","Meia","Dúvida","Bragantino",1.3,4.34,0.08,1.97,28
"110727","Rubens Antônio Dias","Rubens","Meia","Nulo","Atlético-MG",0,1,0,0,0
"94269","Luiz Otávio Alves Marcolino","Luiz Otávio","Meia","Provável","Botafogo",-0.7,1.57,-0.03,0.25,16
"94509","Raphael Cavalcante Veiga","Raphael Veiga","Meia","Nulo","Palmeiras",-0.7,8.51,-0.18,4.41,21
"87929","Matheus de Vargas","Matheus Vargas","Meia","Nulo","Atlético-GO",5.8,3.62,1.9,1.03,27
"60791","Wanderley de Jesus Sousa","Derley","Meia","Nulo","Fortaleza",0,2.34,0,-0.3,8
"86519","Everton Felipe de Oliveira Silva","Everton Felipe","Meia","Nulo","Atlético-GO",0,2.95,0,0.76,13
"104153","Ruan de Oliveira Ferreira","Ruan","Meia","Contundido","Corinthians",0,1.22,0,0.77,4
"102352","Ángelo Giovanni Araos Llanos","Araos","Meia","Nulo","Corinthians",-0.3,6.14,-1.1,3.14,12
"101841","Jurani Francisco Ferreira","Ratinho","Meia","Nulo","Goiás",0,2,0,1.12,8
"107798","Rildo Gonçalves de Amorim Filho","Rildo","Meia","Nulo","Grêmio",0,0.79,0,0.15,2
"106199","Gabriel Fortes Chaves","Gabriel Pec","Meia","Dúvida","Vasco",0.7,2.55,-0.21,1.65,14
"107172","Patrick de Paula Carreiro","Patrick de Paula","Meia","Nulo","Palmeiras",4.6,6.27,0.5,3.55,22
"107261","Nathan Melo Silva","Nathan","Meia","Nulo","Goiás",0,1,0,0,0
"77544","Jorge de Moura Xavier","Jorginho","Meia","Nulo","Athletico-PR",0,9.05,0,3.86,9
"107373","Paulo Victor da Costa Miranda Alves","Paulo Victor","Meia","Nulo","Fluminense",0,1,0,0,0
"78605","Gabriel Girotto Franco","Gabriel","Meia","Nulo","Corinthians",6.4,5.92,0.07,3.05,22
"84674","Lucas Evangelista Santana de Oliveira","Lucas Evangelista","Meia","Dúvida","Bragantino",0.5,4.79,-0.01,3.26,18
"107498","André Trindade da Costa Neto","André","Meia","Nulo","Fluminense",0,0.79,0.01,0.22,10
"89637","Thiago Maia Alencar","Thiago Maia","Meia","Contundido","Flamengo",0,6.99,0,2.72,12
"81677","Carlos Andrés Sánchez Arcosa","Carlos Sánchez","Meia","Contundido","Santos",0,5.65,0,1.66,12
"93893","Marcos Antônio Cândido Ferreira Júnior","Marcos Júnior","Meia","Nulo","Vasco",-1.5,2.89,-0.33,1.56,19
"98022","Erick Luis Conrado de Carvalho","Erick","Meia","Nulo","Athletico-PR",0,4.18,0,2.03,17
"90569","Yuri Oliveira Lima","Yuri Lima","Meia","Nulo","Fluminense",-1,1.31,-0.66,0.63,14
"105341","Filipe Cândido da Trindade","Filipe Trindade","Meia","Nulo","Goiás",0,2,0,0,0
"103777","Pedro Henrique Rodrigues Bicalho","Pedro Bicalho","Meia","Nulo","Palmeiras",0,1,0,0,0
"89256","Gerson Santos da Silva","Gerson","Meia","Provável","Flamengo",3.1,9.65,0.09,3.11,30
"38648","Anderson Hernanes de Carvalho Andrade Lima","Hernanes","Meia","Nulo","São Paulo",-0.8,6.44,-0.31,1.11,15
"106822","Rodrigo Nestor Bertalia","Rodrigo Nestor","Meia","Nulo","São Paulo",0,1.73,0,0.52,5
"93787","Andrey Ramos do Nascimento","Andrey","Meia","Dúvida","Vasco",3.2,6.52,0.08,3.19,23
"94975","Marco Antônio Rosa Furtado Júnior","Marco Antônio","Meia","Nulo","Bahia",0,3.01,0,1.7,14
"106323","Caio Alexandre Souza e Silva","Caio Alexandre","Meia","Nulo","Botafogo",0,5.71,0,2.26,29
"107516","Sebastião Ênio Santos de Almeida","Ênio","Meia","Provável","Botafogo",3.1,1.38,0.32,1.87,3
"89285","Matheus de Sales Cabral","Matheus Sales","Meia","Nulo","Coritiba",0,3.84,0,1.46,20
"102067","João Vitor Xavier de Almeida","Xavier","Meia","Nulo","Corinthians",0,1.69,0,1.36,11
"99918","Patrick Machado Ferreira ","Patrick","Meia","Nulo","Grêmio",0,2.32,0,0.15,2
"98909","Tomás Esteban Cuello","Cuello","Meia","Nulo","Bragantino",0,1.9,0,1.04,17
"83004","Rómulo Otero Vásquez","Otero","Meia","Nulo","Corinthians",0.9,10.16,-0.48,3.16,18
"86711","Richard Cândido Coelho","Richard","Meia","Suspenso","Athletico-PR",2.4,3.01,0.61,1.73,26
"111491","Luiz Gabriel de Oliveira Fonseca","Biel","Meia","Nulo","Coritiba",0,1,0,0,0
"106821","João Gabriel Martins Peglow","Peglow","Meia","Nulo","Internacional",0.2,2.18,-1.08,2.32,15
"105585","Roni Medeiros de Moura","Roni","Meia","Nulo","Corinthians",0,0.78,0,-2,4
"100761","Igor Matheus Liziero Pereira ","Liziero","Meia","Contundido","São Paulo",0,4.4,0,1.02,5
"105845","Matheus de Araújo Andrade","Matheus Araújo","Meia","Nulo","Corinthians",0,1,0,0,0
"105612","Miguel Silveira dos Santos","Miguel","Meia","Nulo","Fluminense",0,1.75,0,0.43,4
"93377","Jobson Souza Santos","Jobson","Meia","Contundido","Santos",0,3.92,0,1.73,19
"97321","Alesson dos Santos Batista","Alesson","Meia","Nulo","Bahia",0,2.81,0,1.32,14
"109326","Victor Hugo Baptista Mafra","Vitinho","Meia","Nulo","Palmeiras",0,1,0,0,0
"68770","Guilherme de Aguiar Camacho","Camacho","Meia","Nulo","Corinthians",0,2.47,0,0.63,14
"110605","Vinícius Balieiro Lourenço de Carvalho","Vinícius Balieiro","Meia","Provável","Santos",5.4,4.77,0.93,2.05,9
"85149","Ronaldo Henrique Ferreira da Silva","Ronaldo Henrique","Meia","Nulo","Sport",-1.9,2.3,-0.67,0.5,21
"71113","Felipe de Oliveira Silva","Felipe Baxola","Meia","Nulo","Ceará",0,3.18,0,0.33,7
"110760","Gabriel Teixeira Aragão","Gabriel Teixeira","Meia","Nulo","Fluminense",0,1,0,0,0
"87470","Thaciano Mickael da Silva","Thaciano","Meia","Provável","Grêmio",7.3,6.03,1.19,2.03,23
"68832","Ricardo Ribeiro de Lima","Ricardinho","Meia","Nulo","Sport",0,3.06,0,1.32,25
"109395","Helber Ítalo dos Santos","Ítalo","Meia","Nulo","Sport",0,1,0,0,0
"39656","Alan Steven Franco Palma","Franco","Meia","Nulo","Atlético-MG",0.7,4.66,-0.12,1.69,26
"99440","Gabriel Baralhas dos Santos","Baralhas","Meia","Provável","Atlético-GO",0,3.55,0,1.63,3
"110913","Manoel Atanásio da Silva Neto","Atanásio","Meia","Nulo","Atlético-GO",0,1,0,0,0
"107372","Mateus Nascimento Soares","Nascimento","Meia","Nulo","Fluminense",0,1.31,0,2.8,1
"78715","Ramiro Moschen Benetti","Ramiro","Meia","Provável","Corinthians",3.2,6.34,0.7,2.21,23
"110207","Dhouglas Francisco de Souza Rodrigues","Dhouglas","Meia","Nulo","Flamengo",0,1,0,0,0
"107259","Henrique Lordelo Souza de Oliveira","Henrique Lordelo","Meia","Provável","Goiás",-0.2,0.99,-0.79,1.49,9
"111406","Victor Gabriel Moura de Oliveira","Vitinho","Meia","Nulo","Corinthians",0,1,0,0,0
"103766","Gabriel Silva Vieira","Gabriel Silva","Meia","Nulo","Palmeiras",0,0.9,0,0.22,10
"105294","Patrick de Lucca Chaves de Oliveira","Patrick de Lucca","Meia","Provável","Bahia",1.6,1.06,0.28,0.4,2
"104580","Sandry Roberto Santos Goes","Sandry","Meia","Provável","Santos",2,1.95,0.23,0.83,16
"106219","Kawan Gabriel da Silva","Kawan","Meia","Nulo","Athletico-PR",0,0.72,0,-2.6,1
"110270","Gustavo Mantuan","Gustavo Mantuan","Meia","Contundido","Corinthians",0,2.9,0,1.7,3
"98529","Pedro Henrique Naressi Machado","Pedro Naressi","Meia","Provável","Ceará",6.9,2.35,1.02,1.84,12
"100763","Gabriel Davi Gomes Sara","Gabriel Sara","Meia","Nulo","São Paulo",-1.2,4.04,-0.63,2.56,27
"100079","Federico Matías Javier Zaracho","Zaracho","Meia","Nulo","Atlético-MG",0,7.62,-0.81,1.47,9
"101716","Bruno Roberto Pereira da Silva","Bruninho","Meia","Nulo","Sport",0,3.58,0,1.2,15
"51772","Everton Augusto de Barros Ribeiro","Everton Ribeiro","Meia","Provável","Flamengo",1.6,9.3,-0.65,4.67,31
"108352","Gabriel de Sousa Barros","Gabriel Barros","Meia","Nulo","Flamengo",0,1,0,0,0
"103515","Ramon Rodrigo de Carvalho","Ramon","Meia","Nulo","Bahia",0,0.78,0,-0.37,11
"86770","João Paulo da Silva Alves","João Paulo","Meia","Nulo","Fortaleza",0,4.22,0,0.08,7
"100742","Matheus Henrique de Souza","Matheus Henrique","Meia","Nulo","Grêmio",0,6.05,0,1.98,26
"93790","Marlon Rodrigues Freitas","Marlon Freitas","Meia","Nulo","Atlético-GO",2.3,5.38,0.23,1.51,28
"110465","Daniel Cabral de Oliveira","Daniel Cabral","Meia","Nulo","Flamengo",0,2,0,0,0
"93108","Mateus da Silva Vital Assumpção","Mateus Vital","Meia","Provável","Corinthians",0.9,5.38,0.43,2.88,16
"63289","Edenílson Andrade Dos Santos","Edenílson","Meia","Provável","Internacional",8.4,10,1.35,3.42,32
"110885","Caio Santos Cunha","Caio Cunha","Meia","Nulo","Palmeiras",0,1,0,0,0
"97994","Jefferson Gabriel Nascimento Brito","Fessin","Meia","Nulo","Bahia",0,1.98,0,1.48,16
"109405","Jeferson Douglas dos Santos Souza","Jeferson Douglas","Meia","Nulo","Bahia",0,1,0,0,0
"71937","Paulo Roberto Valoura Júnior","Juninho","Meia","Provável","Fortaleza",3.8,4.57,0.64,2.41,27
"78548","Jean Mota Oliveira de Sousa","Jean Mota","Meia","Provável","Santos",5.5,4.64,0.43,1.58,26
"105899","Ivonei Júnior da Silva Rabelo","Ivonei","Meia","Dúvida","Santos",0,1.02,0,1.15,10
"107755","Murilo Gomes Barreto Neto","Murilo","Meia","Nulo","Internacional",0,1,0,0,0
"110607","Gabriel Cordeiro Pirani","Gabriel Pirani","Meia","Nulo","Santos",0,1,0,0,0
"106002","João Lucas Souza Cardoso","Johnny ","Meia","Nulo","Internacional",-0.6,2,-0.11,1.31,13
"94297","William Oliveira dos Santos","William Oliveira","Meia","Nulo","Ceará",-0.2,1.52,-0.09,0.03,10
"88307","Marcos Vinicius Serrato","Marcos Serrato","Meia","Nulo","Sport",0,2.3,0,-0.1,1
"78478","Willian Souza Arão da Silva","Willian Arão","Meia","Nulo","Flamengo",0,7.88,0,1.42,30
"87863","Giorgian Daniel de Arrascaeta Benedetti","Arrascaeta","Meia","Provável","Flamengo",14.1,19.33,1.38,6.46,25
"105519","Ricardo Santos Silva","Ricardo","Meia","Nulo","Atlético-GO",0,2,0,0,0
"71162","Vinícius Goes Barbosa de Souza","Vina","Meia","Provável","Ceará",1.8,11.38,-1.17,6.63,29
"81585","Fernando Canesin Matos","Fernando Canesin","Meia","Nulo","Athletico-PR",0,5.18,0,1.61,14
"110604","Adriano Reis Nantes Junior","Juninho","Meia","Nulo","Palmeiras",0,1,0,0,0
"96340","Vinicius Moreira de Lima","Lima","Meia","Provável","Ceará",4.1,6.68,0.47,3.45,29
"101912","Guilherme Nunes da Silva","Guilherme Nunes","Meia","Nulo","Santos",0,1.46,0,1.03,3
"107231","Danilo dos Santos de Oliveira","Danilo","Meia","Provável","Palmeiras",0,1.63,0,1.24,15
"105947","Hugo Lorenzo Quintana Escobar","Hugo Quintana","Meia","Nulo","Palmeiras",0,1,0,0,0
"95464","Gregore de Magalhães da Silva","Gregore","Meia","Provável","Bahia",3.4,5.7,0.62,0.88,27
"109461","Calebe Gonçalves Ferreira da Silva","Calebe","Meia","Nulo","Atlético-MG",4.7,1.56,0.78,0.86,7
"107991","Jaime Alberto Alvarado Hoyos","Alvarado","Meia","Dúvida","Athletico-PR",0,3.45,0,0.45,14
"106000","Lucas de Ramos Silveira","Lucas Ramos","Meia","Nulo","Internacional",0,1,0,0,0
"100969","Ronald dos Santos Lopes","Ronald","Meia","Provável","Fortaleza",0.3,2.77,-0.68,1.62,25
"92981","Ronaldo da Silva Souza","Ronaldo","Meia","Provável","Bahia",3.5,4.18,-0.18,2.6,21
"102909","Luan Vinícius da Silva Santos ","Luan","Meia","Provável","São Paulo",2.3,3.55,0.18,0.84,23
"111407","Luis Gustavo da Silva Machado Duarte","Luis Mandaca","Meia","Nulo","Corinthians",0,1,0,0,0
"107255","Harley D'Lincon Ribeiro da Rocha","Lincon","Meia","Nulo","Goiás",0,1,0,0,0
"80393","Fábio Gonçalves","Fabinho","Meia","Nulo","Ceará",0,5.02,0,2.8,30
"101484","Thonny Anderson da Silva Carvalho","Thonny Anderson","Meia","Nulo","Bragantino",0,3.77,0,0.03,8
"107746","César Coelho Campos Júnior","Cesinha","Meia","Provável","Botafogo",1,1.06,0.03,1.97,4
"79701","Lucas Silva Borges","Lucas Silva","Meia","Nulo","Grêmio",2,5.54,-0.01,2.08,30
"107400","Marthã Fernando Gonçalves Pimenta","Marthã","Meia","Nulo","Ceará",0,0.83,0,-0.47,3
"95794","Nathanael Ananias da Silva","Nathan Silva","Meia","Nulo","Coritiba",-0.3,1.82,-0.24,0.42,18
"37688","Cícero Santos","Cícero","Meia","Nulo","Botafogo",0,4.43,0,1.27,9
"81776","Bruno dos Santos Nazário","Bruno Nazário","Meia","Nulo","Botafogo",-0.4,6.5,-0.12,2.49,24
"83266","Marcos Guilherme de Almeida Santos Matos","Marcos Guilherme ","Meia","Nulo","Internacional",0,3.18,0,0.63,27
"100084","Igor Silveira Gomes","Igor Gomes","Meia","Nulo","São Paulo",-1.4,3.42,-0.6,1.35,30
"86859","José Welison da Silva","José Welison","Meia","Nulo","Botafogo",0,4.26,0,2.61,14
"87999","Gustavo Henrique Furtado Scarpa","Gustavo Scarpa","Meia","Provável","Palmeiras",2.6,6.04,-1.35,2.33,19
"110631","Wesley Hudson da Silva","Wesley","Meia","Nulo","Atlético-MG",0,1,0,0,0
"110725","Ramon César Cirino","Ramon César","Meia","Nulo","Palmeiras",0,1,0,0,0
"100844","Lucas Araújo de Oliveira","Lucas Araújo","Meia","Nulo","Grêmio",0,1,0,0,0
"93637","Bruno Nunes de Barros","Bruno Tubarão","Meia","Contundido","Bragantino",0,3.59,0,1.98,28
"102563","Kaio Nunes Ferreira","Kaio","Meia","Nulo","Goiás",0,3,0,0,0
"109591","Andrey Nascimento dos Santos","Andrey dos Santos","Meia","Nulo","Vasco",0,1,0,0,0
"68834","Francisco Rithely da Silva Sousa","Rithely","Meia","Nulo","Atlético-GO",0,2.91,0,-0.77,3
"107109","João Victor Gomes da Silva","Gomes","Meia","Nulo","Flamengo",0.3,1.7,-0.67,1.9,9
"87273","Carlos Vinícius Santos de Jesus","Carlinhos","Meia","Dúvida","Vasco",5.6,4.82,0.73,1.65,25
"107173","Michel Daryl Araújo Villar","Michel Araújo ","Meia","Nulo","Fluminense",0.9,6.54,0.22,3,26
"102301","Bruno da Silva Costa Leite","Bruno Leite","Meia","Nulo","Athletico-PR",0,0.78,0,1.13,3
"84428","Fernando Pereira do Nascimento","Fernando Sobral","Meia","Nulo","Ceará",0,12.98,0,4.42,33
"70925","Wescley Gomes dos Santos","Wescley","Meia","Nulo","Ceará",0,2.59,-0.15,1.17,19
"83433","Patrick Bezerra do Nascimento","Patrick","Meia","Provável","Internacional",1.8,12.35,-0.74,5.13,32
"109588","Gabriel Pereira dos Santos","Gabriel Pereira","Meia","Provável","Corinthians",-0.7,0.79,0.01,-0.4,5
"107678","Caio Lopes da Costa Schoell","Caio Lopes","Meia","Nulo","Vasco",0,0.93,0,0.12,5
"104504","Henrique Vermudt","Henrique Vermudt","Meia","Provável","Coritiba",0.6,1.58,0.13,0.51,8
"93791","Daniel Sampaio Simões","Daniel","Meia","Nulo","Bahia",0,3.97,0.66,1.52,24
"107501","Victor Bobsin Pereira","Victor Bobsin","Meia","Nulo","Grêmio",0,1,0,0,0
"73974","Alison Lopes Ferreira","Alison","Meia","Nulo","Santos",5,8.16,1.29,1.79,19
"38421","Rafael da Silva Francisco","Rafinha","Meia","Nulo","Coritiba",0,5.35,0,0.91,8
"107182","Francisco Tiago da Silva Santos","Tiago Silva","Meia","Nulo","Ceará",0,1,0,0,0
"110726","Caio Henrique Ribas Dias de Araújo","Caio Ribas","Meia","Nulo","Atlético-MG",0,1,0,0,0
"79023","Mattheus Andrade Gama de Oliveira","Mattheus","Meia","Nulo","Coritiba",1.3,4.11,-0.37,3.1,10
"80363","Alejandro Ariel Cabral","Ariel Cabral","Meia","Nulo","Goiás",0,4,0,0.96,16
"93550","Martín Nicolás Benítez","Benítez","Meia","Nulo","Vasco",0,8.84,0,3.36,23
"87552","Vitor Frezarin Bueno","Vitor Bueno","Meia","Nulo","São Paulo",0,7.18,0,2.09,26
"87009","Nathan Allan de Souza","Nathan","Meia","Nulo","Atlético-MG",0,9.68,0,2.91,23
"91415","Sebastián Enrique Salazar Beltrán","Salazar","Meia","Nulo","Goiás",0,4,0,0,0
"97520","Shaylon Kallyson Cardoso","Shaylon","Meia","Provável","Goiás",-0.1,3.58,-1.22,2.63,21
"61033","Rodrigo Eduardo Costa Marinho","Rodriguinho","Meia","Provável","Bahia",21.2,16.24,3.42,4.5,20
"110745","Kevin Malthus de Sousa Ribeiro","Kevin Malthus","Meia","Nulo","Santos",0,1,0,0,0
"91191","Gustavo Blanco Petersen Macedo","Gustavo Blanco","Meia","Nulo","Goiás",0,3.95,0,-1.1,3
"38939","Daniel Alves da Silva","Daniel Alves","Meia","Provável","São Paulo",0,11.03,0,1.79,24
"38311","Márcio Rodrigues Araújo","Márcio Araújo","Meia","Nulo","Sport",0,3.22,-0.45,0.82,9
"82876","Roberto Pimenta Vinagre Filho","Betinho","Meia","Provável","Sport",0,3.99,0,1.59,22
"72007","Uillian Correia Granemann","Uillian Correia","Meia","Nulo","Bragantino",0,2.21,0,-0.67,7
"105336","Geovane da Silva de Souza","Geovane","Meia","Nulo","Ceará",0,1,0,0,0
"110633","Gustavo Silva de Oliveira","Gustavo Oliveira","Meia","Nulo","Sport",-2.6,0.79,-0.03,-0.57,3
"93798","Matheus Rezende Assis","Rezende","Meia","Nulo","Goiás",0,1,0,0,0
"107797","Pedro Lucas Tapias Obermuller","Pedro Lucas","Meia","Nulo","Grêmio",0,1,0,0,0
"82455","José Rafael Vivian","Zé Rafael","Meia","Provável","Palmeiras",0.2,8.83,-0.39,2.73,22
"105902","José Gabriel dos Santos Silva","Zé Gabriel","Meia","Nulo","Internacional",1.4,2.56,0.97,1.17,22
"72362","Rodrigo Oliveira Lindoso","Rodrigo Lindoso","Meia","Nulo","Internacional",0,3.73,0,0.62,29
"109573","Matheus Martinelli Lima","Martinelli","Meia","Nulo","Fluminense",2.2,2.07,-1.2,4.04,11
"101832","Matheus Bueno Batista","Matheus Bueno","Meia","Nulo","Coritiba",-1.8,1.78,-0.42,0.97,25
"101594","Hugo Moura Arruda da Silva","Hugo Moura","Meia","Provável","Coritiba",1.9,3.52,0.52,2.08,26
"50324","Hudson Rodrigues dos Santos","Hudson","Meia","Provável","Fluminense",0.9,5.05,0.22,1.32,23
"109261","João Vitor Cézar do Prado","João Vitor","Meia","Nulo","Bahia",0,1,0,0,0
"101315","Martín Nicolás Sarrafiore","Sarrafiore","Meia","Provável","Coritiba",0,2.87,0,2.26,15
"107752","Nicolas Miguel Morsch","Nicolas","Meia","Nulo","Internacional",0,1,0,0,0
"87747","Yago Felipe da Costa Rocha","Yago Felipe","Meia","Provável","Fluminense",1.1,4.56,-0.38,2.73,26
"101696","Walisson Oliveira da Silva","Walisson Pequeno","Meia","Nulo","Goiás",0,2,0,0,0
"104593","Darlan Pereira Mendes","Darlan","Meia","Provável","Grêmio",-2.4,3.68,-0.05,1.41,20
"38196","Maicon Thiago Pereira de Souza","Maicon","Meia","Nulo","Grêmio",0,3.13,0,0.57,15
"69705","Maycon Vinícius Ferreira da Cruz","Nikão","Meia","Provável","Athletico-PR",0.5,8.73,-0.5,1.98,24
"110709","Daniel Silva Santos","Daniel Silva","Meia","Nulo","Goiás",0,1,0,0,0
"96652","Allan Rodrigues de Souza","Allan","Meia","Provável","Atlético-MG",3.4,6.43,-0.07,1.55,28
"105647","Maurício Magalhães Prado","Maurício","Meia","Nulo","Internacional",0.9,5.33,0.37,2.14,8
"109265","Lucas Alisson da Silva Santos","Lucas Alisson","Meia","Nulo","Fortaleza",0,1,0,0,0
"78865","Rodrigo Dourado Cunha","Rodrigo Dourado","Meia","Provável","Internacional",4.8,5.9,-0.67,2.91,18
"38277","Thiago Neves Augusto","Thiago Neves","Meia","Provável","Sport",8.1,6.19,1.28,2.82,27
"96342","Charles Rigon Mattos","Charles","Meia","Provável","Ceará",1.9,6.5,-0.01,2.31,29
"96055","Yan Medeiros Sasse","Yan Sasse","Meia","Nulo","Coritiba",0,0.79,0,-0.05,18
"38315","Jadson Rodrigues da Silva","Jadson","Meia","Provável","Athletico-PR",3,3.93,0.58,0.02,8
"98832","Jean Pyerre Casagrande Silveira Correa","Jean Pyerre","Meia","Nulo","Grêmio",1.4,11.08,0.22,4.38,17
"104526","Luiz Henrique Augustin ","Luiz Henrique","Meia","Provável","Coritiba",0.1,1.51,-0.01,1.66,13
"82634","Matheus Galdezani","Matheus Galdezani","Meia","Nulo","Coritiba",0,10.47,0,3.8,23
"100987","Gustavo Nonato Santana","Nonato","Meia","Nulo","Internacional",0,4.04,0,2.35,11
"107882","Geilson Cerqueira Almeida","Geilson","Meia","Nulo","Fortaleza",0,1,0,0,0
"81091","Jair Rodrigues Júnior","Jair","Meia","Provável","Atlético-MG",11.5,9.07,0.95,3.31,25
"109324","Jean Carlos Quiñónez Preciado","Quiñonez","Meia","Nulo","Palmeiras",0,1,0,0,0
"107111","Richard Rios Montoya","Richard Rios","Meia","Nulo","Flamengo",0,1,0,0,0
"38913","Anderson Luiz de Carvalho","Nenê","Meia","Provável","Fluminense",-0.3,12.35,-0.83,4.77,28
"92496","Raul Lô Gonçalves","Raul","Meia","Provável","Bragantino",4.2,9.68,0.16,5.2,28
"104277","Antony Alves Santos","Antony","Meia","Nulo","Corinthians",0,1,0,0,0
"107519","Wendel Lessa de Macedo Gonçalves","Wendel","Meia","Nulo","Botafogo",0,1,0,0,0
"81682","Juan Ramón Cazares Sevillano","Cazares","Meia","Provável","Corinthians",0.9,9.13,-0.29,3.74,12
"106083","Breno Washington Rodrigues da Silva","Breno","Meia","Provável","Goiás",0,3.59,0,1.59,24
"101595","Luiz Henrique Araújo Silva","Luiz Henrique","Meia","Provável","Fortaleza",-1.3,1.46,-1.42,2.27,6
"109560","Matheus Purcelo Blecha de Moraes","Matheus Moraes","Meia","Nulo","Santos",0,1,0,0,0
"107744","Bruno Conceição Praxedes","Praxedes","Meia","Provável","Internacional",3.8,1.74,0.68,1.17,21
"106202","Bruno Gomes da Silva Clevelário","Bruno Gomes","Meia","Provável","Vasco",2.3,3.08,0.31,1.08,20
"85315","Víctor Danilo Cantillo Jiménez","Cantillo","Meia","Provável","Corinthians",0,5.21,0,1.72,17
"87262","Willian Marlon Ferreira Moraes","Willian Maranhão","Meia","Provável","Atlético-GO",5.2,3.51,0.88,1.14,21
"110962","Kayque Luiz Pereira","Kayque","Meia","Provável","Botafogo",1.6,1.59,0.49,1.8,3
"71844","Thiago Galhardo do Nascimento Rocha","Thiago Galhardo","Meia","Nulo","Internacional",0.9,17.22,-0.85,6.97,28
"100107","César Ignacio Pinares Tamayo","Pinares","Meia","Provável","Grêmio",0,4.61,0,1.12,9
"62104","Róbson Michael Signorini","Robinho","Meia","Nulo","Grêmio",0,4.19,0,0.93,11
"85931","Hyoran Kaue Dalmoro","Hyoran","Meia","Provável","Atlético-MG",0,11.46,0,4.76,25
"110832","Pablo Gabriel Sousa Alves","Pablo","Meia","Nulo","Fortaleza",0,1,0,0,0
"110190","Yuri de Oliveira","Yuri de Oliveira","Meia","Nulo","Flamengo",0,1,0,0,0
"91733","Luiz Antonio Ferreira Rodrigues","Felipe","Meia","Suspenso","Fortaleza",-0.7,4.81,0.16,2,30
"104502","Christian Roberto Alves Cardoso","Christian","Meia","Provável","Athletico-PR",-2.1,0.79,-0.14,0.23,27
"38909","Diego Ribas da Cunha","Diego","Meia","Provável","Flamengo",-1.6,4.86,-0.28,1.88,24
"78856","Marcos Antônio Almeida Silva","Marcão Silva","Meia","Provável","Sport",-2.7,3.67,-0.25,1.56,23
"102565","Miguel Ferreira Damasceno","Miguel Figueira","Meia","Provável","Goiás",3.1,2.34,-0.02,1.53,19
"78577","Ricardo Dias Acosta","Ricardinho","Meia","Nulo","Ceará",0,2.38,0,0.5,10
"86686","Danilo das Neves Pinheiro","Tchê Tchê","Meia","Provável","São Paulo",0.9,7.48,-1.29,2.37,27
"95770","Victor Hugo Santana Carvalho","Vitinho","Meia","Provável","Bragantino",3.8,2.82,0.51,1.53,3
"50301","Everton Cardoso da Silva","Everton","Meia","Provável","Grêmio",1.3,4.86,-0.06,1.56,14
"70986","Leonardo Cittadini","Léo Cittadini","Meia","Provável","Athletico-PR",2.9,12.18,0.33,3.71,28
"80583","Lucas Rafael Araújo Lima","Lucas Lima","Meia","Provável","Palmeiras",0.7,4.62,-1.38,1.66,25
"108714","Vitor Benedito Leque da Silva","Vitor","Atacante","Nulo","Atlético-GO",0,1.32,0,2.16,8
"102318","Caio Fernando de Oliveira","Caio Paulista","Atacante","Nulo","Fluminense",0,3.68,0,1.84,22
"90917","Carlos Eduardo Ferreira de Souza","Carlos Eduardo","Atacante","Dúvida","Athletico-PR",4.7,7.16,0.56,4.16,29
"101413","Gustavo Adolfo Torres Grueso","Gustavo Torres","Atacante","Nulo","Vasco",0,4.51,0,1.34,8
"70784","Joao Robin Rojas Mendoza","Joao Rojas","Atacante","Nulo","São Paulo",1,4.89,-1.11,1,1
"104664","Cauê Vinicius dos Santos","Cauê","Atacante","Nulo","Corinthians",0,1,0,0,0
"72386","Hernane Vidal Souza","Hernane","Atacante","Nulo","Sport",0,2.85,0,1.35,22
"105201","Vinícius Santana da Silva","Vinícius Popó","Atacante","Nulo","Sport",0,2,0,0,0
"105841","Iván Darío Angulo Cortés","Iván Angulo","Atacante","Nulo","Botafogo",0,2.77,0,-0.93,3
"111408","Felipe Augusto da Silva","Felipe Augusto","Atacante","Nulo","Corinthians",0,1,0,0,0
"110303","Igor Torres da Silva","Igor Torres","Atacante","Nulo","Fortaleza",0,1.62,0,3.5,5
"102292","Marcos Vinícius Sousa Natividade","Marquinhos","Atacante","Provável","Sport",3.7,7.02,0.17,2.94,30
"109497","Marcos Leonardo Santos Almeida","Marcos Leonardo","Atacante","Nulo","Santos",-0.6,1.28,-1.64,1.83,16
"69102","Eduardo Jesús Vargas Rojas","Vargas","Atacante","Nulo","Atlético-MG",-0.6,8.67,-0.17,3.02,13
"109656","Andrés Felipe Amaya Rivera","Amaya","Atacante","Nulo","Internacional",0,1,0,0,0
"105411","Marcelo Ryan Silvestre dos Santos","Marcelo Ryan ","Atacante","Nulo","Bahia",0,0.89,0,0.5,1
"104678","Tiago Rodrigues dos Reis","Tiago Reis","Atacante","Nulo","Vasco",-0.1,2.04,-0.24,-0.01,7
"62128","Walter Henrique da Silva","Walter","Atacante","Nulo","Athletico-PR",0,2.72,0,0.2,16
"104500","Luis Phelipe de Souza Figueiredo","Luis Phelipe","Atacante","Nulo","Bragantino",0,5.07,0,2.12,11
"109639","Gabriel Novaes Fernandes","Gabriel Novaes","Atacante","Nulo","Bahia",1,3.91,-0.58,2.48,13
"102797","Pablo Thiago Ferreira Thomaz","Pablo Thomaz","Atacante","Dúvida","Coritiba",0,1.01,0,0.86,11
"103445","Kaio Jorge Pinto Ramos","Kaio Jorge","Atacante","Contundido","Santos",0,4.16,0,1.9,28
"105837","Guilherme da Silva Azevedo","Guilherme Azevedo","Atacante","Nulo","Grêmio",0,1.69,0,1.47,8
"110193","Lázaro Vinicius Marques","Lázaro","Atacante","Nulo","Flamengo",0,2.35,0,0,1
"98740","Fernando José Pacheco Rivas","Fernando Pacheco","Atacante","Nulo","Fluminense",0,2.35,0,0.7,14
"90715","Luiz Fernando Moraes dos Santos","Luiz Fernando ","Atacante","Contundido","Grêmio",0,4.6,0,1.36,22
"110635","Brayan Damián Lucumí Lucumí","Brayan Lucumí ","Atacante","Dúvida","Coritiba",0,3.31,0,0.67,3
"97450","Gustavo Henric da Silva","Gustavo Mosquito","Atacante","Nulo","Corinthians",-0.3,3.82,-0.46,3.64,21
"109406","Edilson Matos dos Santos Júnior","Edilson","Atacante","Nulo","Bahia",0,1,0,0,0
"101715","Alerrandro Barra Mansa Realino de Souza","Alerrandro","Atacante","Nulo","Bragantino",0,9.76,0,4.34,16
"75295","José Paolo Guerrero Gonzales","Paolo Guerrero","Atacante","Contundido","Internacional",0,20.81,0,11.2,3
"91201","Eduardo Gabriel Aquino Cossa","Pepê","Atacante","Nulo","Grêmio",1.6,14,0.05,5.78,29
"110759","John Kennedy Batista de Souza","John Kennedy","Atacante","Nulo","Fluminense",-0.1,2.45,-1.34,3.9,6
"110416","Brayan Diogo Ijorski Kruger","Brayan","Atacante","Nulo","Santos",0,1,0,0,0
"86444","Pablo Dyego da Silva Rosa","Pablo Dyego","Atacante","Nulo","Fluminense",0,2,0,0,0
"97245","Janderson Santos de Souza","Janderson","Atacante","Dúvida","Atlético-GO",0.4,5.62,-0.6,2.86,31
"105909","Vinicius Alessandro Mingotti","Vinicius Mingotti","Atacante","Nulo","Athletico-PR",0,7.3,0,2.1,5
"98289","Diego Churín Puyo","Churín","Atacante","Provável","Grêmio",0,8.52,-1.36,3.47,12
"92696","Renato Kayzer de Souza","Renato Kayzer","Atacante","Provável","Athletico-PR",-0.7,7.13,-0.26,4.07,30
"99392","Michael Richard Delgado de Oliveira","Michael","Atacante","Nulo","Flamengo",0,4.59,0,0.71,19
"73446","Éderson Alves Ribeiro Silva","Éderson","Atacante","Nulo","Fortaleza",0,2.15,0,-0.08,6
"68895","Wellington Alves da Silva","Wellington Silva","Atacante","Nulo","Fluminense",0,5.53,0,2.74,21
"110928","Lucas Emmanuel Araujo Macedo","Lucão","Atacante","Nulo","Goiás",0,1,0,0,0
"105318","Guilherme da Silva Gonçalves","Guilherme Bala","Atacante","Nulo","Flamengo",0,1,0,0,0
"104282","Thiago Fernandes Rodrigues","Thiago Fernandes","Atacante","Nulo","Flamengo",0,1,0,0,0
"72772","Luiz Adriano de Souza da Silva","Luiz Adriano","Atacante","Nulo","Palmeiras",-1.2,9.96,-0.74,4.03,19
"110557","Toko Filipe Batucissa António","Toko Filipe","Atacante","Nulo","Vasco",0,2,0,0,0
"69138","Pablo Felipe Teixeira","Pablo","Atacante","Provável","São Paulo",-2,6.41,-1.04,1.64,23
"110916","Ronald Pereira Martins","Ronald","Atacante","Nulo","Atlético-GO",0,1,0,0,0
"77959","Jonathan Copete Valencia","Copete","Atacante","Nulo","Santos",0,4,0,0,0
"110415","Ângelo Gabriel Borges Damaceno","Ângelo","Atacante","Provável","Santos",-0.1,0.79,-0.16,0.15,8
"105998","Vinícius dos Santos de Oliveira Paiva","Vinícius","Atacante","Nulo","Vasco",0,2.38,0,0.59,15
"38279","Wellington Pereira do Nascimento","Wellington Paulista","Atacante","Provável","Fortaleza",-0.1,7.39,-0.17,2.66,31
"100977","Ygor de Oliveira Ferreira","Ygor Catatau","Atacante","Nulo","Vasco",-0.7,2.13,-0.05,1.36,14
"109626","Davi Machado dos Santos Araújo","Davi Araújo","Atacante","Nulo","Botafogo",-0.1,0.99,-0.09,0.78,10
"82407","Francisco Hyun Sol Kim","Chico","Atacante","Provável","Atlético-GO",0,4.8,0,2.57,30
"84817","Robson dos Santos Fernandes","Robson","Atacante","Nulo","Coritiba",6.7,9.81,1.43,3.98,30
"110744","Andrey Rafael Quintino dos Santos","Andrey Quintino","Atacante","Nulo","Santos",0,1,0,0,0
"110235","João Victor Vaz Lopes Pinto","Vitinho","Atacante","Nulo","Botafogo",0,1,0,0,0
"105301","Jan Carlos Hurtado Anchico","Hurtado","Atacante","Nulo","Bragantino",0,2.13,-0.13,0.92,21
"42116","Willian Gomes de Siqueira","Willian","Atacante","Nulo","Palmeiras",0,9.51,0,3.3,26
"78435","Victor Vinícius Coelho dos Santos","Vitinho","Atacante","Nulo","Flamengo",0,6.52,0,2.32,28
"110690","João Victor Tavares de Souza","João Tavares","Atacante","Nulo","Internacional",0,1,0,0,0
"92290","Matheus Antonio Souza dos Santos","Matheus Pato","Atacante","Nulo","Fluminense",0,2,0,0,0
"110884","Willian dos Santos Silva","Willian","Atacante","Nulo","Fortaleza",0,1,0,0,0
"94138","Felipe dos Reis Pereira Vizeu do Carmo","Felipe Vizeu","Atacante","Provável","Ceará",9,6.92,1.77,1.78,10
"101885","Jonas Gabriel da Silva Nunes","Toró","Atacante","Nulo","São Paulo",-0.6,2.73,-0.19,0.67,11
"99119","Lucas Braga Ribeiro","Lucas Braga","Atacante","Nulo","Santos",1,3.53,-0.84,2.06,29
"104660","Vinícius Lopes da Silva","Vinícius","Atacante","Provável","Goiás",4.8,5.98,-0.39,4.21,25
"80076","José Roberto Assunção de Araújo Filho","Zé Roberto","Atacante","Dúvida","Atlético-GO",1.8,5.2,0.24,2.37,22
"110373","Sandro Diego de Moraes Bueno","Sandrinho","Atacante","Nulo","Goiás",0,0.79,0,-1.25,2
"107555","Guilherme da Trindade Dubas","Guilherme Biro","Atacante","Provável","Coritiba",-1.5,0.98,-0.43,0.15,7
"91151","Everaldo Silva do Nascimento","Everaldo ","Atacante","Nulo","Corinthians",0,3.74,0,2.18,7
"100333","Paulo Henrique Pereira da Silva","Paulinho Bóia","Atacante","Nulo","São Paulo",0,4.15,0,2.52,12
"110210","Christian Henrique Mora De Oliveira Silva","Christian","Atacante","Nulo","Fluminense",0,0.78,0,0,1
"78580","Jonathan Renato Barbosa","Jonathan Cafu","Atacante","Nulo","Corinthians",0,4.67,0,1.85,2
"110632","Luiz Filipe dos Reis Silva","Luiz Filipe","Atacante","Nulo","Atlético-MG",0,1,0,0,0
"98952","Leonardo Natel Vieira","Léo Natel","Atacante","Provável","Corinthians",-0.3,3.97,-1.55,1.96,24
"94976","José Joaquim de Carvalho","Zeca","Atacante","Nulo","Goiás",0,0.75,0,-1.07,3
"79631","Germán Ezequiel Cano","Cano","Atacante","Provável","Vasco",-0.4,12.58,0.53,4.58,31
"68835","Roberson de Arruda Alves","Roberson","Atacante","Dúvida","Atlético-GO",0.4,4.51,-1.12,3.16,7
"101483","Isaque Elias Brito","Isaque","Atacante","Nulo","Grêmio",0.3,5.03,-1.46,2.62,22
"86227","Andrew Erik Feitosa","Morato","Atacante","Nulo","Bragantino",0,2.04,0,0.29,18
"93988","Breno Henrique Vasconcelos Lopes","Breno Lopes","Atacante","Provável","Palmeiras",5.3,4.29,-0.15,2,11
"86797","Raniel Santana de Vasconcelos","Raniel","Atacante","Contundido","Santos",0,5.16,0,2.95,4
"103765","Fabricio do Nascimento Biato","Fabrício","Atacante","Nulo","Palmeiras",0,1.13,0,0.5,2
"102598","Hélio Júnio Nunes de Castro","Helinho","Atacante","Nulo","Bragantino",0,5.24,0,3.97,12
"68952","Mário Sérgio Santos Costa","Marinho","Atacante","Nulo","Santos",1.6,23.82,-1.31,10.25,26
"62033","José Fernando Viana de Santana","Fernandão","Atacante","Provável","Goiás",3.2,5.93,-1.1,3.86,20
"93956","Edson Fernandes Botelho Júnior","Edson Júnior","Atacante","Nulo","Atlético-GO",0,1,0,0,0
"101717","Marrony da Silva Liberato","Marrony","Atacante","Nulo","Atlético-MG",6,9.85,0.27,2.53,28
"105533","Matheus Alvarenga de Oliveira","Davó","Atacante","Nulo","Corinthians",0,1.96,0,3.7,4
"71640","Ronaldo Henrique Silva","Ronaldo Silva","Atacante","Nulo","Sport",0,0.81,0,-2.2,3
"104459","Rick Jhonatan Lima Morais","Rick","Atacante","Nulo","Ceará",2.7,1.3,0.52,1.05,7
"87679","Santiago Tréllez Vivero","Tréllez","Atacante","Nulo","São Paulo",0,2.55,0,0.4,7
"101960","Vitor Hugo Naum dos Santos","Vitinho","Atacante","Nulo","Athletico-PR",0.4,12.94,-1.31,4.67,13
"110598","Marino Hinestroza Angulo","Marino","Atacante","Nulo","Palmeiras",0,1,0,0,0
"102276","Alexander Lecaros Aragón","Lecaros","Atacante","Nulo","Botafogo",0,2.38,0,0.84,8
"83772","Neilton Meira Mestzk","Neilton","Atacante","Nulo","Coritiba",1.8,6.38,-0.32,3.55,23
"107266","Pedro Henrique Marinho Maria","Pedro Marinho","Atacante","Nulo","Goiás",0,1.28,0,2.3,1
"102667","Nathan Uilian Fogaça","Nathan ","Atacante","Nulo","Coritiba",0,1,0,0.12,12
"91607","Ronielson da Silva Barbosa","Rony","Atacante","Nulo","Palmeiras",0.9,9.25,-0.38,3.27,18
"102796","Julimar Silva Oliveira Júnior","Julimar","Atacante","Nulo","Athletico-PR",0,1,0,0,0
"110915","João Maria Gomes de Almeida","João Maria","Atacante","Nulo","Atlético-GO",0,1,0,0,0
"100762","Guilherme Bissoli Campos","Bissoli","Atacante","Nulo","Athletico-PR",0.8,2.29,-0.79,0.92,12
"53148","Ytalo José Oliveira dos Santos","Ytalo","Atacante","Provável","Bragantino",-0.5,6.45,-1.12,3.72,29
"38138","João Alves de Assis Silva","Jô","Atacante","Nulo","Corinthians",-0.2,9.55,0.03,2.31,21
"105811","Wesley Ribeiro Silva","Wesley","Atacante","Nulo","Palmeiras",-0.2,4.94,-1.79,4.25,14
"102299","Mikael Filipe Viana","Mikael","Atacante","Nulo","Sport",0,2.56,0,1.01,13
"100652","Yuri Alberto Monteiro da Silva","Yuri Alberto","Atacante","Provável","Internacional",3.9,4.92,-0.04,4.84,22
"97062","Juan Pablo Ramírez Velásquez","Juan Ramírez","Atacante","Contundido","Bahia",0,3.78,0,3.12,8
"104134","Fabrício do Rosário dos Santos","Fabrício","Atacante","Nulo","Grêmio",0,0.91,0,0.7,2
"97461","Robson José Brilhante Martins","Robinho","Atacante","Nulo","Bragantino",0,2.03,0,1.46,5
"107092","Maxwell Lima Santos Silva","Maxwell","Atacante","Nulo","Sport",0,2.1,0,0.95,4
"106820","Leonardo Alves Chú Franco","Léo Chú","Atacante","Provável","Ceará",2.9,3.81,0.96,3.6,20
"104414","Guilherme Santos da Silva","Guilherme Santos","Atacante","Nulo","Atlético-MG",0,1,0,0,0
"61188","Gilberto Oliveira Souza Júnior","Gilberto","Atacante","Provável","Bahia",3,8.85,-1.78,4,26
"110623","João Vitor Moreira Dos Santos","Robinho","Atacante","Nulo","Coritiba",0,1,0,0,0
"94583","Pedro Guilherme Abreu dos Santos","Pedro","Atacante","Nulo","Flamengo",-1.3,5.52,-0.58,3.74,30
"74159","Abel Mathías Hernández Platero","Abel Hernández","Atacante","Nulo","Internacional",0,6.99,0,2.28,22
"91502","Ezequiel Cerutti","Cerutti","Atacante","Nulo","Coritiba",0,5.22,0,0.3,7
"108713","Antonio Javier Galeano Ferreira","Galeano","Atacante","Nulo","São Paulo",0.4,0.96,-0.28,0.9,3
"61149","Lucca Borges Brito","Lucca","Atacante","Provável","Fluminense",9.6,6.36,1.76,2.97,15
"94444","Matheus Barcelos da Silva","Matheus Babi","Atacante","Nulo","Botafogo",8.4,9.11,1.39,3.47,30
"107112","Rodrigo Muniz Carvalho","Rodrigo Muniz","Atacante","Nulo","Flamengo",0,1.62,0,0.69,10
"68911","Diego Souza de Andrade","Diego Souza","Atacante","Nulo","Grêmio",-0.8,9.45,-1.25,4.16,22
"105770","Rafael Navarro Leal","Rafael Navarro","Atacante","Provável","Botafogo",-0.1,1.89,-0.81,4.53,4
"101290","Aldemir dos Santos Ferreira","Ferreira","Atacante","Provável","Grêmio",-2.4,4.16,-0.19,2.21,19
"42222","Osvaldo Lourenço Filho","Osvaldo","Atacante","Nulo","Fortaleza",0.8,5.78,-0.03,1.98,32
"103645","Marcos Paulo Costa do Nascimento","Marcos Paulo","Atacante","Nulo","Fluminense",0,5.7,0,2.58,23
"83257","Gabriel Barbosa Almeida","Gabriel","Atacante","Provável","Flamengo",8.7,13.69,0.37,6.26,23
"101398","Chrigor Flores Moraes","Chrigor","Atacante","Nulo","Bragantino",0,1.43,0,0.02,5
"38162","Frederico Chaves Guedes","Fred","Atacante","Provável","Fluminense",-2.2,3.07,-0.37,1.98,21
"110689","Maximiliano Ezequiel Zalazar","Maxi Salazar","Atacante","Nulo","Internacional",0,1,0,0,0
"100290","Lucas Henrique Ferreira Venuto","Lucas Venuto","Atacante","Nulo","Sport",0,1.95,0,0.89,8
"88072","Douglas Baggio de Oliveira Costa","Douglas Baggio","Atacante","Nulo","Goiás",0,4.06,0.06,1.87,23
"81898","Osman de Menezes Venâncio Junior","Osman","Atacante","Provável","Coritiba",0.5,2.58,0.26,-0.03,4
"68696","Bergson Gustavo Silveira da Silva","Bergson","Atacante","Nulo","Fortaleza",-0.6,2.18,-0.17,1.72,15
"83817","Clayson Henrique da Silva Vieira","Clayson","Atacante","Nulo","Bahia",0,4.53,0,2.09,17
"105111","Bruno Henrique Marques Torres","Bruno Marques","Atacante","Provável","Santos",-2.3,3.78,-0.86,2.93,12
"107745","Caio Vidal Rocha","Caio","Atacante","Provável","Internacional",4.6,4.85,0.1,3.45,13
"102295","Luan Silva dos Santos","Luan Silva","Atacante","Contundido","Palmeiras",0,2,0,0,0
"107195","Jair Diego Alves de Brito","Jajá","Atacante","Nulo","Athletico-PR",0,1,0,0,0
"37655","Rafael Martiniano de Miranda Moura","Rafael Moura","Atacante","Provável","Goiás",2.5,6.3,-1.05,2.45,26
"107263","Eduardo Figueiredo da Cruz","Índio","Atacante","Nulo","Goiás",2,1.77,0.77,1.26,11
"91242","Leandro Barcia Montero","Leandro Barcia","Atacante","Contundido","Sport",0,7.56,0,2.94,16
"107238","Marcelo José de Lima Filho","Marcelinho","Atacante","Nulo","Palmeiras",0,1.36,0,2.7,1
"80287","Luciano da Rocha Neves","Luciano","Atacante","Provável","São Paulo",-1.5,9.34,-1.67,6.14,26
"106826","Danilo Gomes Magalhães","Danilo Gomes","Atacante","Provável","Atlético-GO",0.4,1.26,0,1.55,12
"96966","Arthur Gomes Lourenço","Arthur Gomes","Atacante","Provável","Santos",0,3.33,0,1.59,20
"110561","Alyson José da Motta","Alyson","Atacante","Nulo","Goiás",0,2.85,0,6.6,1
"92630","Claudio Luiz Rodrigues Parisi Leonel","Claudinho","Atacante","Provável","Bragantino",5.1,15.87,0.48,6.81,33
"86485","Marcos da Silva França","Keno","Atacante","Provável","Atlético-MG",2.9,13.51,-0.35,6.38,28
"91702","Leandro Henrique do Nascimento","Leandrinho","Atacante","Nulo","Bragantino",0,2,-0.33,0.78,11
"107760","Leonardo Ferreira Gonçalves","Léo Ferreira","Atacante","Nulo","Internacional",0,1.45,0,1.5,1
"110914","Rian Almeida Lopes","Rian","Atacante","Nulo","Atlético-GO",0,1,0,0,0
"87258","Yeferson Julio Soteldo Martínez","Soteldo","Atacante","Nulo","Santos",3.4,7.17,0.33,3.15,23
"109404","Thiago Eduardo de Andrade","Thiago Andrade","Atacante","Nulo","Bahia",-1.9,0.96,-0.43,3,7
"104646","Warley Leandro da Silva","Warley","Atacante","Provável","Botafogo",12.8,4.55,2.09,2.02,12
"107194","Iago André Pires de Oliveira","Iago","Atacante","Nulo","Athletico-PR",0,1,0,0,0
"104125","Cléber Bomfim de Jesus","Cléber","Atacante","Nulo","Ceará",0,10.09,0,2.81,32
"103764","Gabriel Veron Fonseca de Souza","Gabriel Veron","Atacante","Nulo","Palmeiras",0,7.57,0,3.62,17
"109463","Sávio Moreira de Oliveira","Sávio","Atacante","Nulo","Atlético-MG",0,0.78,0,0.74,7
"106880","Vinícius Rayan Pereira dos Santos","Rayan","Atacante","Nulo","Ceará",0,1,0,0,0
"98274","Saulo Rodrigues da Silva","Saulo Mineiro","Atacante","Nulo","Ceará",7.4,4.18,1.18,1.74,16
"69524","Salomon Armand Magloire Kalou","Kalou","Atacante","Nulo","Botafogo",0,6.9,0,1.67,20
"98672","Jefferson David Savarino Quintero","Savarino","Atacante","Provável","Atlético-MG",5.7,7.17,0.81,3.38,28
"110994","Samuel Salustiano de Jesus Silva","Samuel","Atacante","Nulo","Fluminense",0,3.2,0,4.5,2
"90309","David Correa da Fonseca","David","Atacante","Provável","Fortaleza",1.9,5.37,0.38,3.06,30
"81798","Rosicley Pereira da Silva","Rossi","Atacante","Provável","Bahia",8.6,6.77,-0.44,2.25,28
"109114","Matheus Nascimento de Paula","Matheus Nascimento","Atacante","Nulo","Botafogo",-0.1,0.87,-0.1,1.6,7
"110603","Pedro Acácio Monteiro da Silva","Pedro Acácio","Atacante","Nulo","Palmeiras",0,0.84,0,0.65,2
"70360","Eduardo Colcenti Antunes","Eduardo Sasha","Atacante","Provável","Atlético-MG",0.8,8.03,-1.4,3.44,29
"101796","Gonzalo Rodrigo Carneiro Méndez","Gonzalo Carneiro","Atacante","Nulo","São Paulo",0,2.74,0,1.69,9
"107976","Robson Santos Do Carmo Junior","Robinho","Atacante","Nulo","Palmeiras",0,1,0,0,0
"109282","Luiz Henrique André Rosa da Silva","Luiz Henrique","Atacante","Provável","Fluminense",6.5,4.12,1.05,2.81,25
"97995","Dalberto Luan Belo","Dalberto","Atacante","Provável","Sport",3.6,4.53,0.66,2.53,13
"93303","Leandro Miguel Fernández","Leandro Fernández","Atacante","Nulo","Internacional",0,5.25,0,1.03,9
"84523","José Romário Silva de Souza","Romarinho","Atacante","Provável","Fortaleza",1.5,8.35,0.18,3.04,29
"101201","Francisco Vítor Silva Costa","Victor Jacaré","Atacante","Nulo","Ceará",0,5.39,0,1.42,9
"109464","João Pedro Sacramento da Silva","João Pedro Silva","Atacante","Nulo","Bahia",0,1,0,0,0
"104578","Tailson Pinto Gonçalves","Tailson","Atacante","Nulo","Santos",0,2.21,0,0.63,11
"102958","Rhuan Silveira Castro","Rhuan","Atacante","Nulo","Botafogo",0,2.71,0,1.61,21
"110687","Vinicius Silveira de Mello","Vinicius Silveira","Atacante","Nulo","Internacional",0,1,0,0,0
"107954","Renyer Luan de Oliveira Damasceno","Renyer","Atacante","Nulo","Santos",0,3,0,0,0
"90285","Bruno Henrique Pinto","Bruno Henrique","Atacante","Provável","Flamengo",3.9,13.1,-0.37,5.14,28
"104420","Reinaldo Nascimento Satorno","Reinaldo","Atacante","Nulo","Athletico-PR",0,2.25,0,0.86,10
"38231","Diego Tardelli Martins","Diego Tardelli","Atacante","Nulo","Atlético-MG",0,7.16,0,0.6,2
"38910","Ricardo de Oliveira","Ricardo Oliveira","Atacante","Provável","Coritiba",-0.2,5.65,-0.19,1.23,16
"95799","Artur Victor Guimarães","Artur","Atacante","Provável","Bragantino",4.8,12.45,0.43,3.66,31
"105786","Talles Magno Bacelar Martins","Talles Magno","Atacante","Provável","Vasco",2.7,10.1,0.03,3.41,30
"40006","Abel Carlos da Silva Braga","Abel Braga","Técnico","Provável","Internacional",2.9,11.22,-0.24,3.73,17
"41929","Renato Portaluppi","Renato Gaúcho","Técnico","Provável","Grêmio",4.75,12.67,0.74,3.76,34
"37245","Augusto Sérgio Ferreira","Guto Ferreira","Técnico","Provável","Ceará",6.65,10.21,0.96,3.8,36
"70800","Jorge Sampaoli","Jorge Sampaoli","Técnico","Provável","Atlético-MG",3.65,14,-0.08,4.28,33
"62137","Enderson Alves Moreira","Enderson Moreira","Técnico","Provável","Fortaleza",0.51,5.63,-0.19,2.6,17
"111079","Marcos César Vizolli","Marcos Vizolli","Técnico","Provável","São Paulo",0.06,7.65,-0.71,1.65,3
"110506","Abel Fernando Moreira Ferreira","Abel Ferreira","Técnico","Provável","Palmeiras",2.28,11.92,-0.88,4.5,13
"97341","Rogério Ceni","Rogério Ceni","Técnico","Provável","Flamengo",3.06,8.6,-0.03,3.9,34
"109638","Glauber Ramos da Silva","Glauber Ramos","Técnico","Provável","Goiás",5.98,6.69,0.05,3.87,15
"91274","Marcelo Faria Fernandes","Marcelo Fernandes","Técnico","Provável","Santos",0,10.96,0,0,0
"92180","Jair Ventura","Jair Ventura","Técnico","Provável","Sport",0.94,7.01,-0.57,2.82,30
"82792","Maurício Nogueira Barbieri","Maurício Barbieri","Técnico","Provável","Bragantino",4.61,8.7,0.06,3.87,29
"37333","Marcelo Ribeiro Cabo","Marcelo Cabo","Técnico","Provável","Atlético-GO",3.25,9.37,0.2,3.37,16
"73975","Luis Eduardo Barros Cavalcanti","Dado Cavalcanti","Técnico","Provável","Bahia",7.95,9.37,1.04,3.78,10
"103582","Lúcio Flávio dos Santos","Lúcio Flávio","Técnico","Provável","Botafogo",5.87,6.69,1.52,4,3
"36943","Paulo César Autuori de Mello","Paulo Autuori","Técnico","Provável","Athletico-PR",1.25,8.62,-0.1,3.35,31
"41327","Vanderlei Luxemburgo da Silva","Vanderlei Luxemburgo","Técnico","Provável","Vasco",4.6,10.35,0.69,3.26,24
"88881","Gustavo Eliseo Morínigo Vázquez","Gustavo Morínigo","Técnico","Provável","Coritiba",1.16,8.11,-0.1,2.83,8
"73476","Marco Aurélio de Oliveira Breves","Marcão","Técnico","Provável","Fluminense",1.74,9.96,-0.62,4.59,11
"39850","Vagner Carmo Mancini","Vagner Mancini","Técnico","Provável","Corinthians",3.93,7.9,0.28,3.74,29
